0 0.000000 0.000000 1.570796 0.000000 210.038092
0 0.017453 0.000000 1.570462 0.017453 208.916456
0 0.034907 0.000000 1.570125 0.034907 207.788743
0 0.052360 0.000000 1.569785 0.052360 206.654853
0 0.069813 0.000000 1.569442 0.069813 205.514683
0 0.087266 0.000000 1.569097 0.087266 204.368128
0 0.104720 0.000000 1.568750 0.104720 203.215081
0 0.122173 0.000000 1.568402 0.122173 202.055431
0 0.139626 0.000000 1.568052 0.139626 200.889062
0 0.157080 0.000000 1.567702 0.157080 199.715859
0 0.174533 0.000000 1.567351 0.174533 198.535700
0 0.191986 0.000000 1.567000 0.191986 197.348460
0 0.209440 0.000000 1.566649 0.209440 196.154012
0 0.226893 0.000000 1.566299 0.226893 194.952222
0 0.244346 0.000000 1.565950 0.244346 193.742956
0 0.261799 0.000000 1.565602 0.261799 192.526071
0 0.279253 0.000000 1.565256 0.279253 191.301425
0 0.296706 0.000000 1.564912 0.296706 190.068866
0 0.314159 0.000000 1.564571 0.314159 188.828240
0 0.331613 0.000000 1.564232 0.331613 187.579388
0 0.349066 0.000000 1.563897 0.349066 186.322145
0 0.366519 0.000000 1.563565 0.366519 185.056340
0 0.383972 0.000000 1.563237 0.383972 183.781798
0 0.401426 0.000000 1.562913 0.401426 182.498336
0 0.418879 0.000000 1.562594 0.418879 181.205764
0 0.436332 0.000000 1.562280 0.436332 179.903888
0 0.453786 0.000000 1.561972 0.453786 178.592504
0 0.471239 0.000000 1.561669 0.471239 177.271403
0 0.488692 0.000000 1.561372 0.488692 175.940365
0 0.506145 0.000000 1.561082 0.506145 174.599166
0 0.523599 0.000000 1.560799 0.523599 173.247569
0 0.541052 0.000000 1.560522 0.541052 171.885329
0 0.558505 0.000000 1.560254 0.558505 170.512194
0 0.575959 0.000000 1.559993 0.575959 169.127898
0 0.593412 0.000000 1.559741 0.593412 167.732166
0 0.610865 0.000000 1.559497 0.610865 166.324711
0 0.628319 0.000000 1.559261 0.628319 164.905234
0 0.645772 0.000000 1.559036 0.645772 163.473422
0 0.663225 0.000000 1.558819 0.663225 162.028950
0 0.680678 0.000000 1.558613 0.680678 160.571477
0 0.698132 0.000000 1.558416 0.698132 159.100647
0 0.715585 0.000000 1.558230 0.715585 157.616086
0 0.733038 0.000000 1.558055 0.733038 156.117405
0 0.750492 0.000000 1.557891 0.750492 154.604194
0 0.767945 0.000000 1.557739 0.767945 153.076022
0 0.785398 0.000000 1.557597 0.785398 151.532439
0 0.802851 0.000000 1.557468 0.802851 149.972969
0 0.820305 0.000000 1.557351 0.820305 148.397113
0 0.837758 0.000000 1.557247 0.837758 146.804345
0 0.855211 0.000000 1.557155 0.855211 145.194109
0 0.872665 0.000000 1.557077 0.872665 143.565818
0 0.890118 0.000000 1.557011 0.890118 141.918853
0 0.907571 0.000000 1.556959 0.907571 140.252555
0 0.925025 0.000000 1.556921 0.925025 138.566230
0 0.942478 0.000000 1.556898 0.942478 136.859139
0 0.959931 0.000000 1.556888 0.959931 135.130494
0 0.977384 0.000000 1.556893 0.977384 133.379460
0 0.994838 0.000000 1.556913 0.994838 131.605145
0 1.012291 0.000000 1.556948 1.012291 129.806593
0 1.029744 0.000000 1.556998 1.029744 127.982786
0 1.047198 0.000000 1.557064 1.047198 126.132629
0 1.064651 0.000000 1.557146 1.064651 124.254945
0 1.082104 0.000000 1.557244 1.082104 122.348469
0 1.099557 0.000000 1.557358 1.099557 120.411834
0 1.117011 0.000000 1.557490 1.117011 118.443562
0 1.134464 0.000000 1.557638 1.134464 116.442050
0 1.151917 0.000000 1.557805 1.151917 114.405555
0 1.169371 0.000000 1.557989 1.169371 112.332174
0 1.186824 0.000000 1.558191 1.186824 110.219829
0 1.204277 0.000000 1.558412 1.204277 108.066234
0 1.221730 0.000000 1.558653 1.221730 105.868873
0 1.239184 0.000000 1.558914 1.239184 103.624964
0 1.256637 0.000000 1.559195 1.256637 101.331416
0 1.274090 0.000000 1.559498 1.274090 98.984778
0 1.291544 0.000000 1.559823 1.291544 96.581183
0 1.308997 0.000000 1.560171 1.308997 94.116267
1 0.000000 0.031416 1.570796 0.000000 210.038092
1 0.017453 0.031416 1.570462 0.017453 208.916499
1 0.034907 0.031416 1.570124 0.034907 207.788828
1 0.052360 0.031416 1.569783 0.052360 206.654980
1 0.069813 0.031416 1.569439 0.069813 205.514853
1 0.087266 0.031416 1.569092 0.087266 204.368342
1 0.104720 0.031416 1.568743 0.104720 203.215339
1 0.122173 0.031416 1.568392 0.122173 202.055732
1 0.139626 0.031416 1.568040 0.139626 200.889408
1 0.157080 0.031416 1.567686 0.157080 199.716249
1 0.174533 0.031416 1.567332 0.174533 198.536134
1 0.191986 0.031416 1.566977 0.191986 197.348939
1 0.209440 0.031416 1.566622 0.209440 196.154535
1 0.226893 0.031416 1.566266 0.226893 194.952790
1 0.244346 0.031416 1.565912 0.244346 193.743567
1 0.261799 0.031416 1.565558 0.261799 192.526727
1 0.279253 0.031416 1.565206 0.279253 191.302124
1 0.296706 0.031416 1.564856 0.296706 190.069609
1 0.314159 0.031416 1.564507 0.314159 188.829026
1 0.331613 0.031416 1.564161 0.331613 187.580217
1 0.349066 0.031416 1.563818 0.349066 186.323017
1 0.366519 0.031416 1.563477 0.366519 185.057255
1 0.383972 0.031416 1.563141 0.383972 183.782755
1 0.401426 0.031416 1.562808 0.401426 182.499333
1 0.418879 0.031416 1.562479 0.418879 181.206803
1 0.436332 0.031416 1.562155 0.436332 179.904967
1 0.453786 0.031416 1.561836 0.453786 178.593622
1 0.471239 0.031416 1.561523 0.471239 177.272559
1 0.488692 0.031416 1.561215 0.488692 175.941560
1 0.506145 0.031416 1.560913 0.506145 174.600398
1 0.523599 0.031416 1.560617 0.523599 173.248837
1 0.541052 0.031416 1.560329 0.541052 171.886633
1 0.558505 0.031416 1.560047 0.558505 170.513532
1 0.575959 0.031416 1.559773 0.575959 169.129270
1 0.593412 0.031416 1.559506 0.593412 167.733570
1 0.610865 0.031416 1.559248 0.610865 166.326147
1 0.628319 0.031416 1.558998 0.628319 164.906700
1 0.645772 0.031416 1.558757 0.645772 163.474918
1 0.663225 0.031416 1.558525 0.663225 162.030474
1 0.680678 0.031416 1.558303 0.680678 160.573028
1 0.698132 0.031416 1.558090 0.698132 159.102224
1 0.715585 0.031416 1.557887 0.715585 157.617688
1 0.733038 0.031416 1.557695 0.733038 156.119029
1 0.750492 0.031416 1.557513 0.750492 154.605840
1 0.767945 0.031416 1.557342 0.767945 153.077688
1 0.785398 0.031416 1.557183 0.785398 151.534124
1 0.802851 0.031416 1.557035 0.802851 149.974672
1 0.820305 0.031416 1.556898 0.820305 148.398832
1 0.837758 0.031416 1.556774 0.837758 146.806078
1 0.855211 0.031416 1.556662 0.855211 145.195855
1 0.872665 0.031416 1.556563 0.872665 143.567575
1 0.890118 0.031416 1.556476 0.890118 141.920619
1 0.907571 0.031416 1.556403 0.907571 140.254330
1 0.925025 0.031416 1.556343 0.925025 138.568011
1 0.942478 0.031416 1.556297 0.942478 136.860924
1 0.959931 0.031416 1.556264 0.959931 135.132282
1 0.977384 0.031416 1.556245 0.977384 133.381249
1 0.994838 0.031416 1.556241 0.994838 131.606932
1 1.012291 0.031416 1.556251 1.012291 129.808378
1 1.029744 0.031416 1.556276 1.029744 127.984566
1 1.047198 0.031416 1.556317 1.047198 126.134402
1 1.064651 0.031416 1.556372 1.064651 124.256709
1 1.082104 0.031416 1.556443 1.082104 122.350223
1 1.099557 0.031416 1.556530 1.099557 120.413575
1 1.117011 0.031416 1.556633 1.117011 118.445288
1 1.134464 0.031416 1.556752 1.134464 116.443760
1 1.151917 0.031416 1.556888 1.151917 114.407245
1 1.169371 0.031416 1.557041 1.169371 112.333844
1 1.186824 0.031416 1.557211 1.186824 110.221475
1 1.204277 0.031416 1.557399 1.204277 108.067854
1 1.221730 0.031416 1.557605 1.221730 105.870466
1 1.239184 0.031416 1.557829 1.239184 103.626526
1 1.256637 0.031416 1.558073 1.256637 101.332945
1 1.274090 0.031416 1.558336 1.274090 98.986272
1 1.291544 0.031416 1.558620 1.291544 96.582638
1 1.308997 0.031416 1.558925 1.308997 94.117681
2 0.000000 0.062832 1.570796 0.000000 210.038092
2 0.017453 0.062832 1.570462 0.017453 208.916541
2 0.034907 0.062832 1.570123 0.034907 207.788912
2 0.052360 0.062832 1.569781 0.052360 206.655108
2 0.069813 0.062832 1.569436 0.069813 205.515024
2 0.087266 0.062832 1.569088 0.087266 204.368557
2 0.104720 0.062832 1.568737 0.104720 203.215598
2 0.122173 0.062832 1.568383 0.122173 202.056036
2 0.139626 0.062832 1.568028 0.139626 200.889756
2 0.157080 0.062832 1.567671 0.157080 199.716642
2 0.174533 0.062832 1.567313 0.174533 198.536572
2 0.191986 0.062832 1.566954 0.191986 197.349422
2 0.209440 0.062832 1.566594 0.209440 196.155062
2 0.226893 0.062832 1.566234 0.226893 194.953362
2 0.244346 0.062832 1.565874 0.244346 193.744185
2 0.261799 0.062832 1.565515 0.261799 192.527390
2 0.279253 0.062832 1.565156 0.279253 191.302831
2 0.296706 0.062832 1.564799 0.296706 190.070361
2 0.314159 0.062832 1.564443 0.314159 188.829823
2 0.331613 0.062832 1.564090 0.331613 187.581058
2 0.349066 0.062832 1.563739 0.349066 186.323901
2 0.366519 0.062832 1.563390 0.366519 185.058182
2 0.383972 0.062832 1.563045 0.383972 183.783725
2 0.401426 0.062832 1.562703 0.401426 182.500346
2 0.418879 0.062832 1.562364 0.418879 181.207857
2 0.436332 0.062832 1.562030 0.436332 179.906063
2 0.453786 0.062832 1.561701 0.453786 178.594759
2 0.471239 0.062832 1.561376 0.471239 177.273737
2 0.488692 0.062832 1.561057 0.488692 175.942777
2 0.506145 0.062832 1.560743 0.506145 174.601653
2 0.523599 0.062832 1.560436 0.523599 173.250130
2 0.541052 0.062832 1.560134 0.541052 171.887964
2 0.558505 0.062832 1.559840 0.558505 170.514899
2 0.575959 0.062832 1.559552 0.575959 169.130672
2 0.593412 0.062832 1.559272 0.593412 167.735007
2 0.610865 0.062832 1.558999 0.610865 166.327617
2 0.628319 0.062832 1.558734 0.628319 164.908203
2 0.645772 0.062832 1.558478 0.645772 163.476452
2 0.663225 0.062832 1.558231 0.663225 162.032038
2 0.680678 0.062832 1.557992 0.680678 160.574621
2 0.698132 0.062832 1.557763 0.698132 159.103845
2 0.715585 0.062832 1.557543 0.715585 157.619335
2 0.733038 0.062832 1.557334 0.733038 156.120702
2 0.750492 0.062832 1.557134 0.750492 154.607537
2 0.767945 0.062832 1.556945 0.767945 153.079408
2 0.785398 0.062832 1.556767 0.785398 151.535865
2 0.802851 0.062832 1.556600 0.802851 149.976432
2 0.820305 0.062832 1.556445 0.820305 148.400611
2 0.837758 0.062832 1.556301 0.837758 146.807874
2 0.855211 0.062832 1.556168 0.855211 145.197666
2 0.872665 0.062832 1.556048 0.872665 143.569400
2 0.890118 0.062832 1.555941 0.890118 141.922456
2 0.907571 0.062832 1.555846 0.907571 140.256178
2 0.925025 0.062832 1.555763 0.925025 138.569868
2 0.942478 0.062832 1.555694 0.942478 136.862788
2 0.959931 0.062832 1.555639 0.959931 135.134152
2 0.977384 0.062832 1.555596 0.977384 133.383122
2 0.994838 0.062832 1.555568 0.994838 131.608808
2 1.012291 0.062832 1.555554 1.012291 129.810254
2 1.029744 0.062832 1.555554 1.029744 127.986440
2 1.047198 0.062832 1.555568 1.047198 126.136273
2 1.064651 0.062832 1.555597 1.064651 124.258575
2 1.082104 0.062832 1.555641 1.082104 122.352081
2 1.099557 0.062832 1.555699 1.099557 120.415424
2 1.117011 0.062832 1.555774 1.117011 118.447126
2 1.134464 0.062832 1.555863 1.134464 116.445585
2 1.151917 0.062832 1.555969 1.151917 114.409055
2 1.169371 0.062832 1.556091 1.169371 112.335636
2 1.186824 0.062832 1.556228 1.186824 110.223248
2 1.204277 0.062832 1.556383 1.204277 108.069605
2 1.221730 0.062832 1.556554 1.221730 105.872193
2 1.239184 0.062832 1.556743 1.239184 103.628228
2 1.256637 0.062832 1.556949 1.256637 101.334618
2 1.274090 0.062832 1.557173 1.274090 98.987914
2 1.291544 0.062832 1.557415 1.291544 96.584248
2 1.308997 0.062832 1.557676 1.308997 94.119255
3 0.000000 0.094248 1.570796 0.000000 210.038092
3 0.017453 0.094248 1.570462 0.017453 208.916583
3 0.034907 0.094248 1.570123 0.034907 207.788998
3 0.052360 0.094248 1.569780 0.052360 206.655236
3 0.069813 0.094248 1.569433 0.069813 205.515197
3 0.087266 0.094248 1.569083 0.087266 204.368773
3 0.104720 0.094248 1.568730 0.104720 203.215859
3 0.122173 0.094248 1.568374 0.122173 202.056341
3 0.139626 0.094248 1.568016 0.139626 200.890107
3 0.157080 0.094248 1.567655 0.157080 199.717038
3 0.174533 0.094248 1.567293 0.174533 198.537014
3 0.191986 0.094248 1.566930 0.191986 197.349909
3 0.209440 0.094248 1.566566 0.209440 196.155596
3 0.226893 0.094248 1.566201 0.226893 194.953941
3 0.244346 0.094248 1.565836 0.244346 193.744810
3 0.261799 0.094248 1.565471 0.261799 192.528060
3 0.279253 0.094248 1.565106 0.279253 191.303548
3 0.296706 0.094248 1.564742 0.296706 190.071122
3 0.314159 0.094248 1.564380 0.314159 188.830630
3 0.331613 0.094248 1.564018 0.331613 187.581910
3 0.349066 0.094248 1.563659 0.349066 186.324799
3 0.366519 0.094248 1.563302 0.366519 185.059124
3 0.383972 0.094248 1.562948 0.383972 183.784711
3 0.401426 0.094248 1.562597 0.401426 182.501376
3 0.418879 0.094248 1.562249 0.418879 181.208931
3 0.436332 0.094248 1.561905 0.436332 179.907179
3 0.453786 0.094248 1.561565 0.453786 178.595918
3 0.471239 0.094248 1.561229 0.471239 177.274937
3 0.488692 0.094248 1.560899 0.488692 175.944018
3 0.506145 0.094248 1.560573 0.506145 174.602935
3 0.523599 0.094248 1.560253 0.523599 173.251452
3 0.541052 0.094248 1.559939 0.541052 171.889324
3 0.558505 0.094248 1.559631 0.558505 170.516298
3 0.575959 0.094248 1.559330 0.575959 169.132108
3 0.593412 0.094248 1.559036 0.593412 167.736479
3 0.610865 0.094248 1.558749 0.610865 166.329125
3 0.628319 0.094248 1.558470 0.628319 164.909745
3 0.645772 0.094248 1.558198 0.645772 163.478027
3 0.663225 0.094248 1.557935 0.663225 162.033646
3 0.680678 0.094248 1.557680 0.680678 160.576260
3 0.698132 0.094248 1.557435 0.698132 159.105513
3 0.715585 0.094248 1.557198 0.715585 157.621033
3 0.733038 0.094248 1.556971 0.733038 156.122428
3 0.750492 0.094248 1.556754 0.750492 154.609288
3 0.767945 0.094248 1.556547 0.767945 153.081184
3 0.785398 0.094248 1.556350 0.785398 151.537665
3 0.802851 0.094248 1.556164 0.802851 149.978255
3 0.820305 0.094248 1.555989 0.820305 148.402455
3 0.837758 0.094248 1.555825 0.837758 146.809737
3 0.855211 0.094248 1.555672 0.855211 145.199547
3 0.872665 0.094248 1.555532 0.872665 143.571298
3 0.890118 0.094248 1.555403 0.890118 141.924369
3 0.907571 0.094248 1.555286 0.907571 140.258103
3 0.925025 0.094248 1.555181 0.925025 138.571805
3 0.942478 0.094248 1.555090 0.942478 136.864736
3 0.959931 0.094248 1.555011 0.959931 135.136108
3 0.977384 0.094248 1.554945 0.977384 133.385086
3 0.994838 0.094248 1.554892 0.994838 131.610776
3 1.012291 0.094248 1.554853 1.012291 129.812226
3 1.029744 0.094248 1.554828 1.029744 127.988414
3 1.047198 0.094248 1.554816 1.047198 126.138246
3 1.064651 0.094248 1.554818 1.064651 124.260546
3 1.082104 0.094248 1.554835 1.082104 122.354048
3 1.099557 0.094248 1.554866 1.099557 120.417386
3 1.117011 0.094248 1.554911 1.117011 118.449081
3 1.134464 0.094248 1.554972 1.134464 116.447529
3 1.151917 0.094248 1.555047 1.151917 114.410988
3 1.169371 0.094248 1.555137 1.169371 112.337556
3 1.186824 0.094248 1.555242 1.186824 110.225152
3 1.204277 0.094248 1.555363 1.204277 108.071492
3 1.221730 0.094248 1.555500 1.221730 105.874061
3 1.239184 0.094248 1.555652 1.239184 103.630074
3 1.256637 0.094248 1.555820 1.256637 101.336440
3 1.274090 0.094248 1.556005 1.274090 98.989711
3 1.291544 0.094248 1.556205 1.291544 96.586016
3 1.308997 0.094248 1.556423 1.308997 94.120993
4 0.000000 0.125664 1.570796 0.000000 210.038092
4 0.017453 0.125664 1.570461 0.017453 208.916626
4 0.034907 0.125664 1.570122 0.034907 207.789083
4 0.052360 0.125664 1.569778 0.052360 206.655366
4 0.069813 0.125664 1.569430 0.069813 205.515370
4 0.087266 0.125664 1.569078 0.087266 204.368992
4 0.104720 0.125664 1.568723 0.104720 203.216122
4 0.122173 0.125664 1.568365 0.122173 202.056650
4 0.139626 0.125664 1.568003 0.139626 200.890461
4 0.157080 0.125664 1.567640 0.157080 199.717439
4 0.174533 0.125664 1.567274 0.174533 198.537461
4 0.191986 0.125664 1.566907 0.191986 197.350402
4 0.209440 0.125664 1.566538 0.209440 196.156136
4 0.226893 0.125664 1.566168 0.226893 194.954528
4 0.244346 0.125664 1.565797 0.244346 193.745443
4 0.261799 0.125664 1.565426 0.261799 192.528741
4 0.279253 0.125664 1.565056 0.279253 191.304275
4 0.296706 0.125664 1.564685 0.296706 190.071896
4 0.314159 0.125664 1.564315 0.314159 188.831450
4 0.331613 0.125664 1.563947 0.331613 187.582777
4 0.349066 0.125664 1.563579 0.349066 186.325712
4 0.366519 0.125664 1.563214 0.366519 185.060083
4 0.383972 0.125664 1.562851 0.383972 183.785716
4 0.401426 0.125664 1.562490 0.401426 182.502426
4 0.418879 0.125664 1.562133 0.418879 181.210026
4 0.436332 0.125664 1.561779 0.436332 179.908318
4 0.453786 0.125664 1.561428 0.453786 178.597101
4 0.471239 0.125664 1.561081 0.471239 177.276164
4 0.488692 0.125664 1.560739 0.488692 175.945288
4 0.506145 0.125664 1.560402 0.506145 174.604246
4 0.523599 0.125664 1.560070 0.523599 173.252805
4 0.541052 0.125664 1.559743 0.541052 171.890718
4 0.558505 0.125664 1.559422 0.558505 170.517731
4 0.575959 0.125664 1.559107 0.575959 169.133581
4 0.593412 0.125664 1.558799 0.593412 167.737990
4 0.610865 0.125664 1.558497 0.610865 166.330673
4 0.628319 0.125664 1.558203 0.628319 164.911330
4 0.645772 0.125664 1.557916 0.645772 163.479648
4 0.663225 0.125664 1.557638 0.663225 162.035301
4 0.680678 0.125664 1.557367 0.680678 160.577948
4 0.698132 0.125664 1.557105 0.698132 159.107234
4 0.715585 0.125664 1.556851 0.715585 157.622785
4 0.733038 0.125664 1.556607 0.733038 156.124209
4 0.750492 0.125664 1.556371 0.750492 154.611099
4 0.767945 0.125664 1.556146 0.767945 153.083023
4 0.785398 0.125664 1.555931 0.785398 151.539529
4 0.802851 0.125664 1.555725 0.802851 149.980144
4 0.820305 0.125664 1.555531 0.820305 148.404367
4 0.837758 0.125664 1.555347 0.837758 146.811672
4 0.855211 0.125664 1.555174 0.855211 145.201502
4 0.872665 0.125664 1.555012 0.872665 143.573272
4 0.890118 0.125664 1.554861 0.890118 141.926361
4 0.907571 0.125664 1.554723 0.907571 140.260112
4 0.925025 0.125664 1.554596 0.925025 138.573829
4 0.942478 0.125664 1.554482 0.942478 136.866772
4 0.959931 0.125664 1.554379 0.959931 135.138156
4 0.977384 0.125664 1.554290 0.977384 133.387144
4 0.994838 0.125664 1.554213 0.994838 131.612842
4 1.012291 0.125664 1.554149 1.012291 129.814298
4 1.029744 0.125664 1.554098 1.029744 127.990491
4 1.047198 0.125664 1.554060 1.047198 126.140327
4 1.064651 0.125664 1.554036 1.064651 124.262628
4 1.082104 0.125664 1.554025 1.082104 122.356130
4 1.099557 0.125664 1.554027 1.099557 120.419466
4 1.117011 0.125664 1.554044 1.117011 118.451156
4 1.134464 0.125664 1.554075 1.134464 116.449599
4 1.151917 0.125664 1.554119 1.151917 114.413051
4 1.169371 0.125664 1.554178 1.169371 112.339609
4 1.186824 0.125664 1.554250 1.186824 110.227194
4 1.204277 0.125664 1.554338 1.204277 108.073521
4 1.221730 0.125664 1.554439 1.221730 105.876074
4 1.239184 0.125664 1.554555 1.239184 103.632070
4 1.256637 0.125664 1.554685 1.256637 101.338418
4 1.274090 0.125664 1.554830 1.274090 98.991667
4 1.291544 0.125664 1.554989 1.291544 96.587950
4 1.308997 0.125664 1.555162 1.308997 94.122902
5 0.000000 0.157080 1.570796 0.000000 210.038092
5 0.017453 0.157080 1.570461 0.017453 208.916668
5 0.034907 0.157080 1.570121 0.034907 207.789170
5 0.052360 0.157080 1.569776 0.052360 206.655496
5 0.069813 0.157080 1.569427 0.069813 205.515546
5 0.087266 0.157080 1.569073 0.087266 204.369212
5 0.104720 0.157080 1.568716 0.104720 203.216388
5 0.122173 0.157080 1.568355 0.122173 202.056962
5 0.139626 0.157080 1.567991 0.139626 200.890820
5 0.157080 0.157080 1.567624 0.157080 199.717844
5 0.174533 0.157080 1.567255 0.174533 198.537913
5 0.191986 0.157080 1.566883 0.191986 197.350903
5 0.209440 0.157080 1.566510 0.209440 196.156683
5 0.226893 0.157080 1.566135 0.226893 194.955124
5 0.244346 0.157080 1.565759 0.244346 193.746087
5 0.261799 0.157080 1.565382 0.261799 192.529432
5 0.279253 0.157080 1.565005 0.279253 191.305014
5 0.296706 0.157080 1.564627 0.296706 190.072684
5 0.314159 0.157080 1.564250 0.314159 188.832285
5 0.331613 0.157080 1.563874 0.331613 187.583660
5 0.349066 0.157080 1.563499 0.349066 186.326642
5 0.366519 0.157080 1.563125 0.366519 185.061061
5 0.383972 0.157080 1.562753 0.383972 183.786741
5 0.401426 0.157080 1.562383 0.401426 182.503498
5 0.418879 0.157080 1.562016 0.418879 181.211144
5 0.436332 0.157080 1.561651 0.436332 179.909483
5 0.453786 0.157080 1.561290 0.453786 178.598311
5 0.471239 0.157080 1.560932 0.471239 177.277419
5 0.488692 0.157080 1.560579 0.488692 175.946587
5 0.506145 0.157080 1.560229 0.506145 174.605590
5 0.523599 0.157080 1.559885 0.523599 173.254192
5 0.541052 0.157080 1.559545 0.541052 171.892148
5 0.558505 0.157080 1.559211 0.558505 170.519203
5 0.575959 0.157080 1.558882 0.575959 169.135094
5 0.593412 0.157080 1.558560 0.593412 167.739544
5 0.610865 0.157080 1.558244 0.610865 166.332266
5 0.628319 0.157080 1.557935 0.628319 164.912962
5 0.645772 0.157080 1.557632 0.645772 163.481317
5 0.663225 0.157080 1.557338 0.663225 162.037007
5 0.680678 0.157080 1.557051 0.680678 160.579691
5 0.698132 0.157080 1.556772 0.698132 159.109011
5 0.715585 0.157080 1.556501 0.715585 157.624595
5 0.733038 0.157080 1.556239 0.733038 156.126052
5 0.750492 0.157080 1.555986 0.750492 154.612973
5 0.767945 0.157080 1.555742 0.767945 153.084927
5 0.785398 0.157080 1.555508 0.785398 151.541462
5 0.802851 0.157080 1.555283 0.802851 149.982105
5 0.820305 0.157080 1.555069 0.820305 148.406354
5 0.837758 0.157080 1.554864 0.837758 146.813684
5 0.855211 0.157080 1.554671 0.855211 145.203538
5 0.872665 0.157080 1.554488 0.872665 143.575330
5 0.890118 0.157080 1.554316 0.890118 141.928439
5 0.907571 0.157080 1.554155 0.907571 140.262209
5 0.925025 0.157080 1.554006 0.925025 138.575944
5 0.942478 0.157080 1.553869 0.942478 136.868903
5 0.959931 0.157080 1.553743 0.959931 135.140302
5 0.977384 0.157080 1.553629 0.977384 133.389302
5 0.994838 0.157080 1.553528 0.994838 131.615012
5 1.012291 0.157080 1.553438 1.012291 129.816478
5 1.029744 0.157080 1.553362 1.029744 127.992679
5 1.047198 0.157080 1.553298 1.047198 126.142521
5 1.064651 0.157080 1.553246 1.064651 124.264828
5 1.082104 0.157080 1.553208 1.082104 122.358333
5 1.099557 0.157080 1.553182 1.099557 120.421670
5 1.117011 0.157080 1.553170 1.117011 118.453360
5 1.134464 0.157080 1.553170 1.134464 116.451801
5 1.151917 0.157080 1.553184 1.151917 114.415249
5 1.169371 0.157080 1.553211 1.169371 112.341802
5 1.186824 0.157080 1.553251 1.186824 110.229379
5 1.204277 0.157080 1.553304 1.204277 108.075697
5 1.221730 0.157080 1.553370 1.221730 105.878240
5 1.239184 0.157080 1.553449 1.239184 103.634223
5 1.256637 0.157080 1.553541 1.256637 101.340557
5 1.274090 0.157080 1.553645 1.274090 98.993790
5 1.291544 0.157080 1.553762 1.291544 96.590055
5 1.308997 0.157080 1.553891 1.308997 94.124988
6 0.000000 0.188496 1.570796 0.000000 210.038092
6 0.017453 0.188496 1.570461 0.017453 208.916712
6 0.034907 0.188496 1.570120 0.034907 207.789257
6 0.052360 0.188496 1.569775 0.052360 206.655629
6 0.069813 0.188496 1.569424 0.069813 205.515723
6 0.087266 0.188496 1.569069 0.087266 204.369436
6 0.104720 0.188496 1.568709 0.104720 203.216658
6 0.122173 0.188496 1.568346 0.122173 202.057279
6 0.139626 0.188496 1.567979 0.139626 200.891184
6 0.157080 0.188496 1.567608 0.157080 199.718256
6 0.174533 0.188496 1.567235 0.174533 198.538373
6 0.191986 0.188496 1.566859 0.191986 197.351411
6 0.209440 0.188496 1.566481 0.209440 196.157240
6 0.226893 0.188496 1.566101 0.226893 194.955729
6 0.244346 0.188496 1.565720 0.244346 193.746742
6 0.261799 0.188496 1.565337 0.261799 192.530136
6 0.279253 0.188496 1.564953 0.279253 191.305768
6 0.296706 0.188496 1.564569 0.296706 190.073486
6 0.314159 0.188496 1.564185 0.314159 188.833137
6 0.331613 0.188496 1.563801 0.331613 187.584561
6 0.349066 0.188496 1.563418 0.349066 186.327592
6 0.366519 0.188496 1.563035 0.366519 185.062060
6 0.383972 0.188496 1.562654 0.383972 183.787789
6 0.401426 0.188496 1.562275 0.401426 182.504595
6 0.418879 0.188496 1.561898 0.418879 181.212289
6 0.436332 0.188496 1.561523 0.436332 179.910675
6 0.453786 0.188496 1.561151 0.453786 178.599551
6 0.471239 0.188496 1.560782 0.471239 177.278706
6 0.488692 0.188496 1.560417 0.488692 175.947921
6 0.506145 0.188496 1.560055 0.506145 174.606970
6 0.523599 0.188496 1.559698 0.523599 173.255617
6 0.541052 0.188496 1.559345 0.541052 171.893618
6 0.558505 0.188496 1.558998 0.558505 170.520717
6 0.575959 0.188496 1.558655 0.575959 169.136652
6 0.593412 0.188496 1.558319 0.593412 167.741144
6 0.610865 0.188496 1.557988 0.610865 166.333909
6 0.628319 0.188496 1.557663 0.628319 164.914645
6 0.645772 0.188496 1.557346 0.645772 163.483041
6 0.663225 0.188496 1.557035 0.663225 162.038770
6 0.680678 0.188496 1.556731 0.680678 160.581491
6 0.698132 0.188496 1.556435 0.698132 159.110849
6 0.715585 0.188496 1.556148 0.715585 157.626469
6 0.733038 0.188496 1.555868 0.733038 156.127961
6 0.750492 0.188496 1.555596 0.750492 154.614916
6 0.767945 0.188496 1.555334 0.767945 153.086903
6 0.785398 0.188496 1.555081 0.785398 151.543470
6 0.802851 0.188496 1.554837 0.802851 149.984143
6 0.820305 0.188496 1.554602 0.820305 148.408421
6 0.837758 0.188496 1.554377 0.837758 146.815778
6 0.855211 0.188496 1.554163 0.855211 145.205659
6 0.872665 0.188496 1.553959 0.872665 143.577476
6 0.890118 0.188496 1.553765 0.890118 141.930609
6 0.907571 0.188496 1.553582 0.907571 140.264402
6 0.925025 0.188496 1.553410 0.925025 138.578157
6 0.942478 0.188496 1.553250 0.942478 136.871135
6 0.959931 0.188496 1.553100 0.959931 135.142552
6 0.977384 0.188496 1.552962 0.977384 133.391569
6 0.994838 0.188496 1.552836 0.994838 131.617293
6 1.012291 0.188496 1.552721 1.012291 129.818773
6 1.029744 0.188496 1.552619 1.029744 127.994985
6 1.047198 0.188496 1.552528 1.047198 126.144837
6 1.064651 0.188496 1.552449 1.064651 124.267152
6 1.082104 0.188496 1.552383 1.082104 122.360664
6 1.099557 0.188496 1.552329 1.099557 120.424006
6 1.117011 0.188496 1.552287 1.117011 118.455700
6 1.134464 0.188496 1.552257 1.134464 116.454143
6 1.151917 0.188496 1.552240 1.151917 114.417591
6 1.169371 0.188496 1.552234 1.169371 112.344142
6 1.186824 0.188496 1.552241 1.186824 110.231717
6 1.204277 0.188496 1.552260 1.204277 108.078030
6 1.221730 0.188496 1.552290 1.221730 105.880566
6 1.239184 0.188496 1.552332 1.239184 103.636542
6 1.256637 0.188496 1.552385 1.256637 101.342866
6 1.274090 0.188496 1.552449 1.274090 98.996089
6 1.291544 0.188496 1.552524 1.291544 96.592341
6 1.308997 0.188496 1.552608 1.308997 94.127260
7 0.000000 0.219911 1.570796 0.000000 210.038092
7 0.017453 0.219911 1.570461 0.017453 208.916756
7 0.034907 0.219911 1.570120 0.034907 207.789346
7 0.052360 0.219911 1.569773 0.052360 206.655763
7 0.069813 0.219911 1.569421 0.069813 205.515903
7 0.087266 0.219911 1.569064 0.087266 204.369662
7 0.104720 0.219911 1.568702 0.104720 203.216932
7 0.122173 0.219911 1.568336 0.122173 202.057601
7 0.139626 0.219911 1.567966 0.139626 200.891555
7 0.157080 0.219911 1.567592 0.157080 199.718675
7 0.174533 0.219911 1.567215 0.174533 198.538841
7 0.191986 0.219911 1.566835 0.191986 197.351928
7 0.209440 0.219911 1.566452 0.209440 196.157808
7 0.226893 0.219911 1.566067 0.226893 194.956347
7 0.244346 0.219911 1.565680 0.244346 193.747410
7 0.261799 0.219911 1.565291 0.261799 192.530855
7 0.279253 0.219911 1.564901 0.279253 191.306537
7 0.296706 0.219911 1.564510 0.296706 190.074306
7 0.314159 0.219911 1.564119 0.314159 188.834008
7 0.331613 0.219911 1.563727 0.331613 187.585483
7 0.349066 0.219911 1.563335 0.349066 186.328565
7 0.366519 0.219911 1.562944 0.366519 185.063084
7 0.383972 0.219911 1.562554 0.383972 183.788862
7 0.401426 0.219911 1.562165 0.401426 182.505719
7 0.418879 0.219911 1.561778 0.418879 181.213463
7 0.436332 0.219911 1.561393 0.436332 179.911899
7 0.453786 0.219911 1.561010 0.453786 178.600824
7 0.471239 0.219911 1.560630 0.471239 177.280028
7 0.488692 0.219911 1.560253 0.488692 175.949292
7 0.506145 0.219911 1.559879 0.506145 174.608389
7 0.523599 0.219911 1.559509 0.523599 173.257084
7 0.541052 0.219911 1.559143 0.541052 171.895132
7 0.558505 0.219911 1.558782 0.558505 170.522278
7 0.575959 0.219911 1.558426 0.575959 169.138258
7 0.593412 0.219911 1.558074 0.593412 167.742796
7 0.610865 0.219911 1.557729 0.610865 166.335604
7 0.628319 0.219911 1.557389 0.628319 164.916384
7 0.645772 0.219911 1.557055 0.645772 163.484822
7 0.663225 0.219911 1.556728 0.663225 162.040593
7 0.680678 0.219911 1.556408 0.680678 160.583356
7 0.698132 0.219911 1.556095 0.698132 159.112753
7 0.715585 0.219911 1.555790 0.715585 157.628412
7 0.733038 0.219911 1.555492 0.733038 156.129943
7 0.750492 0.219911 1.555202 0.750492 154.616934
7 0.767945 0.219911 1.554921 0.767945 153.088956
7 0.785398 0.219911 1.554648 0.785398 151.545558
7 0.802851 0.219911 1.554385 0.802851 149.986264
7 0.820305 0.219911 1.554130 0.820305 148.410574
7 0.837758 0.219911 1.553885 0.837758 146.817962
7 0.855211 0.219911 1.553649 0.855211 145.207873
7 0.872665 0.219911 1.553423 0.872665 143.579718
7 0.890118 0.219911 1.553208 0.890118 141.932878
7 0.907571 0.219911 1.553002 0.907571 140.266696
7 0.925025 0.219911 1.552807 0.925025 138.580475
7 0.942478 0.219911 1.552623 0.942478 136.873476
7 0.959931 0.219911 1.552450 0.959931 135.144914
7 0.977384 0.219911 1.552287 0.977384 133.393950
7 0.994838 0.219911 1.552136 0.994838 131.619693
7 1.012291 0.219911 1.551995 1.012291 129.821189
7 1.029744 0.219911 1.551866 1.029744 127.997417
7 1.047198 0.219911 1.551749 1.047198 126.147282
7 1.064651 0.219911 1.551643 1.064651 124.269609
7 1.082104 0.219911 1.551548 1.082104 122.363132
7 1.099557 0.219911 1.551465 1.099557 120.426483
7 1.117011 0.219911 1.551393 1.117011 118.458184
7 1.134464 0.219911 1.551333 1.134464 116.456633
7 1.151917 0.219911 1.551284 1.151917 114.420085
7 1.169371 0.219911 1.551246 1.169371 112.346640
7 1.186824 0.219911 1.551219 1.186824 110.234215
7 1.204277 0.219911 1.551203 1.204277 108.080529
7 1.221730 0.219911 1.551197 1.221730 105.883063
7 1.239184 0.219911 1.551202 1.239184 103.639036
7 1.256637 0.219911 1.551216 1.256637 101.345356
7 1.274090 0.219911 1.551239 1.274090 98.998573
7 1.291544 0.219911 1.551270 1.291544 96.594818
7 1.308997 0.219911 1.551309 1.308997 94.129729
8 0.000000 0.251327 1.570796 0.000000 210.038092
8 0.017453 0.251327 1.570461 0.017453 208.916800
8 0.034907 0.251327 1.570119 0.034907 207.789436
8 0.052360 0.251327 1.569771 0.052360 206.655899
8 0.069813 0.251327 1.569418 0.069813 205.516086
8 0.087266 0.251327 1.569059 0.087266 204.369893
8 0.104720 0.251327 1.568695 0.104720 203.217211
8 0.122173 0.251327 1.568326 0.122173 202.057929
8 0.139626 0.251327 1.567953 0.139626 200.891932
8 0.157080 0.251327 1.567576 0.157080 199.719102
8 0.174533 0.251327 1.567195 0.174533 198.539319
8 0.191986 0.251327 1.566811 0.191986 197.352457
8 0.209440 0.251327 1.566423 0.209440 196.158387
8 0.226893 0.251327 1.566033 0.226893 194.956978
8 0.244346 0.251327 1.565640 0.244346 193.748092
8 0.261799 0.251327 1.565245 0.261799 192.531589
8 0.279253 0.251327 1.564848 0.279253 191.307324
8 0.296706 0.251327 1.564450 0.296706 190.075146
8 0.314159 0.251327 1.564052 0.314159 188.834900
8 0.331613 0.251327 1.563652 0.331613 187.586427
8 0.349066 0.251327 1.563252 0.349066 186.329562
8 0.366519 0.251327 1.562852 0.366519 185.064133
8 0.383972 0.251327 1.562453 0.383972 183.789965
8 0.401426 0.251327 1.562054 0.401426 182.506873
8 0.418879 0.251327 1.561657 0.418879 181.214670
8 0.436332 0.251327 1.561261 0.436332 179.913158
8 0.453786 0.251327 1.560867 0.453786 178.602135
8 0.471239 0.251327 1.560475 0.471239 177.281390
8 0.488692 0.251327 1.560086 0.488692 175.950705
8 0.506145 0.251327 1.559700 0.506145 174.609852
8 0.523599 0.251327 1.559317 0.523599 173.258597
8 0.541052 0.251327 1.558938 0.541052 171.896694
8 0.558505 0.251327 1.558563 0.558505 170.523889
8 0.575959 0.251327 1.558193 0.575959 169.139918
8 0.593412 0.251327 1.557827 0.593412 167.744503
8 0.610865 0.251327 1.557466 0.610865 166.337359
8 0.628319 0.251327 1.557111 0.628319 164.918185
8 0.645772 0.251327 1.556761 0.645772 163.486668
8 0.663225 0.251327 1.556418 0.663225 162.042484
8 0.680678 0.251327 1.556081 0.680678 160.585290
8 0.698132 0.251327 1.555750 0.698132 159.114730
8 0.715585 0.251327 1.555427 0.715585 157.630431
8 0.733038 0.251327 1.555111 0.733038 156.132002
8 0.750492 0.251327 1.554803 0.750492 154.619033
8 0.767945 0.251327 1.554502 0.767945 153.091094
8 0.785398 0.251327 1.554210 0.785398 151.547733
8 0.802851 0.251327 1.553926 0.802851 149.988476
8 0.820305 0.251327 1.553651 0.820305 148.412821
8 0.837758 0.251327 1.553385 0.837758 146.820243
8 0.855211 0.251327 1.553128 0.855211 145.210186
8 0.872665 0.251327 1.552880 0.872665 143.582063
8 0.890118 0.251327 1.552642 0.890118 141.935253
8 0.907571 0.251327 1.552414 0.907571 140.269100
8 0.925025 0.251327 1.552196 0.925025 138.582906
8 0.942478 0.251327 1.551988 0.942478 136.875934
8 0.959931 0.251327 1.551790 0.959931 135.147396
8 0.977384 0.251327 1.551602 0.977384 133.396456
8 0.994838 0.251327 1.551426 0.994838 131.622221
8 1.012291 0.251327 1.551259 1.012291 129.823737
8 1.029744 0.251327 1.551104 1.029744 127.999984
8 1.047198 0.251327 1.550959 1.047198 126.149866
8 1.064651 0.251327 1.550825 1.064651 124.272209
8 1.082104 0.251327 1.550702 1.082104 122.365746
8 1.099557 0.251327 1.550589 1.099557 120.429110
8 1.117011 0.251327 1.550487 1.117011 118.460823
8 1.134464 0.251327 1.550396 1.134464 116.459282
8 1.151917 0.251327 1.550315 1.151917 114.422743
8 1.169371 0.251327 1.550244 1.169371 112.349305
8 1.186824 0.251327 1.550183 1.186824 110.236886
8 1.204277 0.251327 1.550131 1.204277 108.083204
8 1.221730 0.251327 1.550089 1.221730 105.885742
8 1.239184 0.251327 1.550055 1.239184 103.641717
8 1.256637 0.251327 1.550030 1.256637 101.348037
8 1.274090 0.251327 1.550011 1.274090 99.001254
8 1.291544 0.251327 1.549999 1.291544 96.597498
8 1.308997 0.251327 1.549992 1.308997 94.132407
9 0.000000 0.282743 1.570796 0.000000 210.038092
9 0.017453 0.282743 1.570461 0.017453 208.916846
9 0.034907 0.282743 1.570118 0.034907 207.789528
9 0.052360 0.282743 1.569769 0.052360 206.656037
9 0.069813 0.282743 1.569414 0.069813 205.516273
9 0.087266 0.282743 1.569054 0.087266 204.370128
9 0.104720 0.282743 1.568688 0.104720 203.217495
9 0.122173 0.282743 1.568316 0.122173 202.058263
9 0.139626 0.282743 1.567940 0.139626 200.892317
9 0.157080 0.282743 1.567559 0.157080 199.719538
9 0.174533 0.282743 1.567174 0.174533 198.539807
9 0.191986 0.282743 1.566786 0.191986 197.352997
9 0.209440 0.282743 1.566393 0.209440 196.158980
9 0.226893 0.282743 1.565998 0.226893 194.957624
9 0.244346 0.282743 1.565599 0.244346 193.748792
9 0.261799 0.282743 1.565198 0.261799 192.532342
9 0.279253 0.282743 1.564795 0.279253 191.308131
9 0.296706 0.282743 1.564390 0.296706 190.076007
9 0.314159 0.282743 1.563983 0.314159 188.835816
9 0.331613 0.282743 1.563576 0.331613 187.587398
9 0.349066 0.282743 1.563167 0.349066 186.330587
9 0.366519 0.282743 1.562758 0.366519 185.065213
9 0.383972 0.282743 1.562350 0.383972 183.791099
9 0.401426 0.282743 1.561941 0.401426 182.508062
9 0.418879 0.282743 1.561534 0.418879 181.215912
9 0.436332 0.282743 1.561127 0.436332 179.914455
9 0.453786 0.282743 1.560722 0.453786 178.603486
9 0.471239 0.282743 1.560318 0.471239 177.282795
9 0.488692 0.282743 1.559917 0.488692 175.952163
9 0.506145 0.282743 1.559518 0.506145 174.611363
9 0.523599 0.282743 1.559122 0.523599 173.260161
9 0.541052 0.282743 1.558730 0.541052 171.898310
9 0.558505 0.282743 1.558341 0.558505 170.525557
9 0.575959 0.282743 1.557956 0.575959 169.141636
9 0.593412 0.282743 1.557575 0.593412 167.746272
9 0.610865 0.282743 1.557199 0.610865 166.339177
9 0.628319 0.282743 1.556828 0.628319 164.920052
9 0.645772 0.282743 1.556462 0.645772 163.488584
9 0.663225 0.282743 1.556102 0.663225 162.044447
9 0.680678 0.282743 1.555748 0.680678 160.587300
9 0.698132 0.282743 1.555400 0.698132 159.116786
9 0.715585 0.282743 1.555058 0.715585 157.632532
9 0.733038 0.282743 1.554724 0.733038 156.134147
9 0.750492 0.282743 1.554396 0.750492 154.621221
9 0.767945 0.282743 1.554077 0.767945 153.093324
9 0.785398 0.282743 1.553764 0.785398 151.550004
9 0.802851 0.282743 1.553460 0.802851 149.990786
9 0.820305 0.282743 1.553164 0.820305 148.415170
9 0.837758 0.282743 1.552877 0.837758 146.822630
9 0.855211 0.282743 1.552598 0.855211 145.212609
9 0.872665 0.282743 1.552328 0.872665 143.584520
9 0.890118 0.282743 1.552068 0.890118 141.937744
9 0.907571 0.282743 1.551816 0.907571 140.271623
9 0.925025 0.282743 1.551574 0.925025 138.585461
9 0.942478 0.282743 1.551342 0.942478 136.878518
9 0.959931 0.282743 1.551119 0.959931 135.150008
9 0.977384 0.282743 1.550907 0.977384 133.399095
9 0.994838 0.282743 1.550704 0.994838 131.624886
9 1.012291 0.282743 1.550511 1.012291 129.826426
9 1.029744 0.282743 1.550329 1.029744 128.002696
9 1.047198 0.282743 1.550156 1.047198 126.152600
9 1.064651 0.282743 1.549994 1.064651 124.274963
9 1.082104 0.282743 1.549841 1.082104 122.368519
9 1.099557 0.282743 1.549699 1.099557 120.431900
9 1.117011 0.282743 1.549566 1.117011 118.463629
9 1.134464 0.282743 1.549443 1.134464 116.462102
9 1.151917 0.282743 1.549330 1.151917 114.425576
9 1.169371 0.282743 1.549225 1.169371 112.352150
9 1.186824 0.282743 1.549130 1.186824 110.239742
9 1.204277 0.282743 1.549042 1.204277 108.086069
9 1.221730 0.282743 1.548963 1.221730 105.888615
9 1.239184 0.282743 1.548890 1.239184 103.644597
9 1.256637 0.282743 1.548824 1.256637 101.350923
9 1.274090 0.282743 1.548764 1.274090 99.004145
9 1.291544 0.282743 1.548707 1.291544 96.600394
9 1.308997 0.282743 1.548653 1.308997 94.135307
10 0.000000 0.314159 1.570796 0.000000 210.038092
10 0.017453 0.314159 1.570460 0.017453 208.916892
10 0.034907 0.314159 1.570117 0.034907 207.789621
10 0.052360 0.314159 1.569767 0.052360 206.656179
10 0.069813 0.314159 1.569411 0.069813 205.516463
10 0.087266 0.314159 1.569049 0.087266 204.370368
10 0.104720 0.314159 1.568680 0.104720 203.217786
10 0.122173 0.314159 1.568306 0.122173 202.058605
10 0.139626 0.314159 1.567927 0.139626 200.892710
10 0.157080 0.314159 1.567543 0.157080 199.719985
10 0.174533 0.314159 1.567154 0.174533 198.540306
10 0.191986 0.314159 1.566760 0.191986 197.353550
10 0.209440 0.314159 1.566363 0.209440 196.159588
10 0.226893 0.314159 1.565962 0.226893 194.958286
10 0.244346 0.314159 1.565558 0.244346 193.749509
10 0.261799 0.314159 1.565150 0.261799 192.533116
10 0.279253 0.314159 1.564740 0.279253 191.308960
10 0.296706 0.314159 1.564328 0.296706 190.076893
10 0.314159 0.314159 1.563914 0.314159 188.836758
10 0.331613 0.314159 1.563498 0.331613 187.588396
10 0.349066 0.314159 1.563081 0.349066 186.331642
10 0.366519 0.314159 1.562663 0.366519 185.066325
10 0.383972 0.314159 1.562245 0.383972 183.792268
10 0.401426 0.314159 1.561826 0.401426 182.509288
10 0.418879 0.314159 1.561408 0.418879 181.217195
10 0.436332 0.314159 1.560990 0.436332 179.915794
10 0.453786 0.314159 1.560574 0.453786 178.604882
10 0.471239 0.314159 1.560158 0.471239 177.284247
10 0.488692 0.314159 1.559745 0.488692 175.953671
10 0.506145 0.314159 1.559333 0.506145 174.612928
10 0.523599 0.314159 1.558924 0.523599 173.261780
10 0.541052 0.314159 1.558518 0.541052 171.899985
10 0.558505 0.314159 1.558114 0.558505 170.527286
10 0.575959 0.314159 1.557715 0.575959 169.143419
10 0.593412 0.314159 1.557319 0.593412 167.748108
10 0.610865 0.314159 1.556927 0.610865 166.341067
10 0.628319 0.314159 1.556540 0.628319 164.921994
10 0.645772 0.314159 1.556157 0.645772 163.490577
10 0.663225 0.314159 1.555780 0.663225 162.046491
10 0.680678 0.314159 1.555408 0.680678 160.589394
10 0.698132 0.314159 1.555043 0.698132 159.118929
10 0.715585 0.314159 1.554683 0.715585 157.634723
10 0.733038 0.314159 1.554329 0.733038 156.136385
10 0.750492 0.314159 1.553983 0.750492 154.623505
10 0.767945 0.314159 1.553643 0.767945 153.095654
10 0.785398 0.314159 1.553311 0.785398 151.552378
10 0.802851 0.314159 1.552986 0.802851 149.993203
10 0.820305 0.314159 1.552669 0.820305 148.417630
10 0.837758 0.314159 1.552360 0.837758 146.825130
10 0.855211 0.314159 1.552059 0.855211 145.215149
10 0.872665 0.314159 1.551766 0.872665 143.587099
10 0.890118 0.314159 1.551482 0.890118 141.940361
10 0.907571 0.314159 1.551207 0.907571 140.274276
10 0.925025 0.314159 1.550941 0.925025 138.588149
10 0.942478 0.314159 1.550684 0.942478 136.881239
10 0.959931 0.314159 1.550437 0.959931 135.152762
10 0.977384 0.314159 1.550198 0.977384 133.401880
10 0.994838 0.314159 1.549969 0.994838 131.627700
10 1.012291 0.314159 1.549749 1.012291 129.829269
10 1.029744 0.314159 1.549539 1.029744 128.005566
10 1.047198 0.314159 1.549339 1.047198 126.155496
10 1.064651 0.314159 1.549147 1.064651 124.277883
10 1.082104 0.314159 1.548965 1.082104 122.371461
10 1.099557 0.314159 1.548792 1.099557 120.434864
10 1.117011 0.314159 1.548628 1.117011 118.466614
10 1.134464 0.314159 1.548473 1.134464 116.465106
10 1.151917 0.314159 1.548327 1.151917 114.428598
10 1.169371 0.314159 1.548188 1.169371 112.355188
10 1.186824 0.314159 1.548057 1.186824 110.242796
10 1.204277 0.314159 1.547933 1.204277 108.089138
10 1.221730 0.314159 1.547816 1.221730 105.891697
10 1.239184 0.314159 1.547704 1.239184 103.647692
10 1.256637 0.314159 1.547597 1.256637 101.354030
10 1.274090 0.314159 1.547493 1.274090 99.007263
10 1.291544 0.314159 1.547392 1.291544 96.603523
10 1.308997 0.314159 1.547290 1.308997 94.138447
11 0.000000 0.345575 1.570796 0.000000 210.038092
11 0.017453 0.345575 1.570460 0.017453 208.916939
11 0.034907 0.345575 1.570116 0.034907 207.789716
11 0.052360 0.345575 1.569766 0.052360 206.656323
11 0.069813 0.345575 1.569408 0.069813 205.516658
11 0.087266 0.345575 1.569043 0.087266 204.370614
11 0.104720 0.345575 1.568673 0.104720 203.218084
11 0.122173 0.345575 1.568296 0.122173 202.058955
11 0.139626 0.345575 1.567913 0.139626 200.893114
11 0.157080 0.345575 1.567525 0.157080 199.720443
11 0.174533 0.345575 1.567132 0.174533 198.540819
11 0.191986 0.345575 1.566734 0.191986 197.354119
11 0.209440 0.345575 1.566332 0.209440 196.160212
11 0.226893 0.345575 1.565925 0.226893 194.958968
11 0.244346 0.345575 1.565515 0.244346 193.750248
11 0.261799 0.345575 1.565101 0.261799 192.533912
11 0.279253 0.345575 1.564684 0.279253 191.309815
11 0.296706 0.345575 1.564265 0.296706 190.077805
11 0.314159 0.345575 1.563843 0.314159 188.837729
11 0.331613 0.345575 1.563419 0.331613 187.589427
11 0.349066 0.345575 1.562993 0.349066 186.332732
11 0.366519 0.345575 1.562566 0.366519 185.067474
11 0.383972 0.345575 1.562138 0.383972 183.793476
11 0.401426 0.345575 1.561709 0.401426 182.510556
11 0.418879 0.345575 1.561280 0.418879 181.218523
11 0.436332 0.345575 1.560851 0.436332 179.917181
11 0.453786 0.345575 1.560423 0.453786 178.606328
11 0.471239 0.345575 1.559995 0.471239 177.285752
11 0.488692 0.345575 1.559569 0.488692 175.955235
11 0.506145 0.345575 1.559144 0.506145 174.614550
11 0.523599 0.345575 1.558722 0.523599 173.263461
11 0.541052 0.345575 1.558301 0.541052 171.901724
11 0.558505 0.345575 1.557883 0.558505 170.529083
11 0.575959 0.345575 1.557469 0.575959 169.145273
11 0.593412 0.345575 1.557057 0.593412 167.750019
11 0.610865 0.345575 1.556649 0.610865 166.343033
11 0.628319 0.345575 1.556246 0.628319 164.924016
11 0.645772 0.345575 1.555846 0.645772 163.492655
11 0.663225 0.345575 1.555452 0.663225 162.048622
11 0.680678 0.345575 1.555062 0.680678 160.591579
11 0.698132 0.345575 1.554678 0.698132 159.121166
11 0.715585 0.345575 1.554300 0.715585 157.637012
11 0.733038 0.345575 1.553927 0.733038 156.138725
11 0.750492 0.345575 1.553561 0.750492 154.625896
11 0.767945 0.345575 1.553201 0.767945 153.098093
11 0.785398 0.345575 1.552848 0.785398 151.554866
11 0.802851 0.345575 1.552502 0.802851 149.995738
11 0.820305 0.345575 1.552163 0.820305 148.420210
11 0.837758 0.345575 1.551832 0.837758 146.827756
11 0.855211 0.345575 1.551508 0.855211 145.217819
11 0.872665 0.345575 1.551193 0.872665 143.589812
11 0.890118 0.345575 1.550885 0.890118 141.943114
11 0.907571 0.345575 1.550586 0.907571 140.277070
11 0.925025 0.345575 1.550295 0.925025 138.590982
11 0.942478 0.345575 1.550013 0.942478 136.884110
11 0.959931 0.345575 1.549740 0.959931 135.155670
11 0.977384 0.345575 1.549475 0.977384 133.404823
11 0.994838 0.345575 1.549219 0.994838 131.630677
11 1.012291 0.345575 1.548972 1.012291 129.832279
11 1.029744 0.345575 1.548734 1.029744 128.008607
11 1.047198 0.345575 1.548504 1.047198 126.158567
11 1.064651 0.345575 1.548283 1.064651 124.280983
11 1.082104 0.345575 1.548071 1.082104 122.374589
11 1.099557 0.345575 1.547867 1.099557 120.438019
11 1.117011 0.345575 1.547671 1.117011 118.469793
11 1.134464 0.345575 1.547483 1.134464 116.468310
11 1.151917 0.345575 1.547303 1.151917 114.431825
11 1.169371 0.345575 1.547130 1.169371 112.358437
11 1.186824 0.345575 1.546963 1.186824 110.246065
11 1.204277 0.345575 1.546802 1.204277 108.092427
11 1.221730 0.345575 1.546645 1.221730 105.895006
11 1.239184 0.345575 1.546493 1.239184 103.651019
11 1.256637 0.345575 1.546344 1.256637 101.357375
11 1.274090 0.345575 1.546197 1.274090 99.010626
11 1.291544 0.345575 1.546049 1.291544 96.606903
11 1.308997 0.345575 1.545899 1.308997 94.141845
12 0.000000 0.376991 1.570796 0.000000 210.038092
12 0.017453 0.376991 1.570460 0.017453 208.916987
12 0.034907 0.376991 1.570116 0.034907 207.789814
12 0.052360 0.376991 1.569764 0.052360 206.656472
12 0.069813 0.376991 1.569404 0.069813 205.516857
12 0.087266 0.376991 1.569038 0.087266 204.370866
12 0.104720 0.376991 1.568665 0.104720 203.218389
12 0.122173 0.376991 1.568285 0.122173 202.059315
12 0.139626 0.376991 1.567900 0.139626 200.893529
12 0.157080 0.376991 1.567508 0.157080 199.720914
12 0.174533 0.376991 1.567110 0.174533 198.541347
12 0.191986 0.376991 1.566708 0.191986 197.354704
12 0.209440 0.376991 1.566300 0.209440 196.160856
12 0.226893 0.376991 1.565888 0.226893 194.959670
12 0.244346 0.376991 1.565472 0.244346 193.751010
12 0.261799 0.376991 1.565051 0.261799 192.534734
12 0.279253 0.376991 1.564627 0.279253 191.310696
12 0.296706 0.376991 1.564200 0.296706 190.078748
12 0.314159 0.376991 1.563770 0.314159 188.838733
12 0.331613 0.376991 1.563338 0.331613 187.590492
12 0.349066 0.376991 1.562903 0.349066 186.333859
12 0.366519 0.376991 1.562466 0.366519 185.068663
12 0.383972 0.376991 1.562028 0.383972 183.794728
12 0.401426 0.376991 1.561589 0.401426 182.511869
12 0.418879 0.376991 1.561149 0.418879 181.219899
12 0.436332 0.376991 1.560709 0.436332 179.918620
12 0.453786 0.376991 1.560268 0.453786 178.607829
12 0.471239 0.376991 1.559828 0.471239 177.287315
12 0.488692 0.376991 1.559389 0.488692 175.956861
12 0.506145 0.376991 1.558951 0.506145 174.616238
12 0.523599 0.376991 1.558514 0.523599 173.265211
12 0.541052 0.376991 1.558080 0.541052 171.903534
12 0.558505 0.376991 1.557647 0.558505 170.530954
12 0.575959 0.376991 1.557217 0.575959 169.147205
12 0.593412 0.376991 1.556790 0.593412 167.752012
12 0.610865 0.376991 1.556366 0.610865 166.345085
12 0.628319 0.376991 1.555945 0.628319 164.926127
12 0.645772 0.376991 1.555528 0.645772 163.494824
12 0.663225 0.376991 1.555116 0.663225 162.050850
12 0.680678 0.376991 1.554708 0.680678 160.593864
12 0.698132 0.376991 1.554305 0.698132 159.123508
12 0.715585 0.376991 1.553908 0.715585 157.639410
12 0.733038 0.376991 1.553515 0.733038 156.141178
12 0.750492 0.376991 1.553129 0.750492 154.628402
12 0.767945 0.376991 1.552748 0.767945 153.100653
12 0.785398 0.376991 1.552374 0.785398 151.557477
12 0.802851 0.376991 1.552007 0.802851 149.998401
12 0.820305 0.376991 1.551646 0.820305 148.422924
12 0.837758 0.376991 1.551292 0.837758 146.830518
12 0.855211 0.376991 1.550945 0.855211 145.220629
12 0.872665 0.376991 1.550606 0.872665 143.592669
12 0.890118 0.376991 1.550274 0.890118 141.946018
12 0.907571 0.376991 1.549951 0.907571 140.280018
12 0.925025 0.376991 1.549635 0.925025 138.593973
12 0.942478 0.376991 1.549327 0.942478 136.887144
12 0.959931 0.376991 1.549027 0.959931 135.158745
12 0.977384 0.376991 1.548735 0.977384 133.407938
12 0.994838 0.376991 1.548452 0.994838 131.633831
12 1.012291 0.376991 1.548177 1.012291 129.835470
12 1.029744 0.376991 1.547910 1.029744 128.011834
12 1.047198 0.376991 1.547651 1.047198 126.161830
12 1.064651 0.376991 1.547400 1.064651 124.284280
12 1.082104 0.376991 1.547156 1.082104 122.377919
12 1.099557 0.376991 1.546921 1.099557 120.441380
12 1.117011 0.376991 1.546692 1.117011 118.473185
12 1.134464 0.376991 1.546471 1.134464 116.471730
12 1.151917 0.376991 1.546256 1.151917 114.435274
12 1.169371 0.376991 1.546047 1.169371 112.361913
12 1.186824 0.376991 1.545843 1.186824 110.249568
12 1.204277 0.376991 1.545644 1.204277 108.095956
12 1.221730 0.376991 1.545448 1.221730 105.898560
12 1.239184 0.376991 1.545255 1.239184 103.654598
12 1.256637 0.376991 1.545063 1.256637 101.360979
12 1.274090 0.376991 1.544871 1.274090 99.014254
12 1.291544 0.376991 1.544676 1.291544 96.610556
12 1.308997 0.376991 1.544476 1.308997 94.145522
13 0.000000 0.408407 1.570796 0.000000 210.038092
13 0.017453 0.408407 1.570460 0.017453 208.917037
13 0.034907 0.408407 1.570115 0.034907 207.789914
13 0.052360 0.408407 1.569762 0.052360 206.656624
13 0.069813 0.408407 1.569401 0.069813 205.517063
13 0.087266 0.408407 1.569033 0.087266 204.371125
13 0.104720 0.408407 1.568657 0.104720 203.218704
13 0.122173 0.408407 1.568275 0.122173 202.059686
13 0.139626 0.408407 1.567885 0.139626 200.893957
13 0.157080 0.408407 1.567490 0.157080 199.721399
13 0.174533 0.408407 1.567088 0.174533 198.541891
13 0.191986 0.408407 1.566681 0.191986 197.355308
13 0.209440 0.408407 1.566268 0.209440 196.161520
13 0.226893 0.408407 1.565850 0.226893 194.960396
13 0.244346 0.408407 1.565427 0.244346 193.751797
13 0.261799 0.408407 1.565000 0.261799 192.535583
13 0.279253 0.408407 1.564569 0.279253 191.311609
13 0.296706 0.408407 1.564134 0.296706 190.079724
13 0.314159 0.408407 1.563696 0.314159 188.839773
13 0.331613 0.408407 1.563254 0.331613 187.591596
13 0.349066 0.408407 1.562810 0.349066 186.335028
13 0.366519 0.408407 1.562364 0.366519 185.069897
13 0.383972 0.408407 1.561916 0.383972 183.796027
13 0.401426 0.408407 1.561466 0.401426 182.513234
13 0.418879 0.408407 1.561014 0.418879 181.221329
13 0.436332 0.408407 1.560562 0.436332 179.920116
13 0.453786 0.408407 1.560110 0.453786 178.609391
13 0.471239 0.408407 1.559657 0.471239 177.288943
13 0.488692 0.408407 1.559205 0.488692 175.958554
13 0.506145 0.408407 1.558753 0.506145 174.617996
13 0.523599 0.408407 1.558302 0.523599 173.267035
13 0.541052 0.408407 1.557852 0.541052 171.905423
13 0.558505 0.408407 1.557405 0.558505 170.532908
13 0.575959 0.408407 1.556959 0.575959 169.149224
13 0.593412 0.408407 1.556515 0.593412 167.754094
13 0.610865 0.408407 1.556074 0.610865 166.347232
13 0.628319 0.408407 1.555637 0.628319 164.928337
13 0.645772 0.408407 1.555202 0.645772 163.497096
13 0.663225 0.408407 1.554772 0.663225 162.053184
13 0.680678 0.408407 1.554345 0.680678 160.596259
13 0.698132 0.408407 1.553923 0.698132 159.125964
13 0.715585 0.408407 1.553506 0.715585 157.641926
13 0.733038 0.408407 1.553093 0.733038 156.143753
13 0.750492 0.408407 1.552686 0.750492 154.631036
13 0.767945 0.408407 1.552285 0.767945 153.103344
13 0.785398 0.408407 1.551889 0.785398 151.560225
13 0.802851 0.408407 1.551499 0.802851 150.001205
13 0.820305 0.408407 1.551115 0.820305 148.425782
13 0.837758 0.408407 1.550738 0.837758 146.833431
13 0.855211 0.408407 1.550368 0.855211 145.223594
13 0.872665 0.408407 1.550005 0.872665 143.595686
13 0.890118 0.408407 1.549648 0.890118 141.949085
13 0.907571 0.408407 1.549299 0.907571 140.283135
13 0.925025 0.408407 1.548957 0.925025 138.597139
13 0.942478 0.408407 1.548623 0.942478 136.890357
13 0.959931 0.408407 1.548296 0.959931 135.162004
13 0.977384 0.408407 1.547977 0.977384 133.411242
13 0.994838 0.408407 1.547666 0.994838 131.637179
13 1.012291 0.408407 1.547362 1.012291 129.838860
13 1.029744 0.408407 1.547065 1.029744 128.015266
13 1.047198 0.408407 1.546776 1.047198 126.165302
13 1.064651 0.408407 1.546494 1.064651 124.287791
13 1.082104 0.408407 1.546219 1.082104 122.381468
13 1.099557 0.408407 1.545951 1.099557 120.444966
13 1.117011 0.408407 1.545689 1.117011 118.476807
13 1.134464 0.408407 1.545433 1.134464 116.475388
13 1.151917 0.408407 1.545183 1.151917 114.438966
13 1.169371 0.408407 1.544937 1.169371 112.365639
13 1.186824 0.408407 1.544696 1.186824 110.253327
13 1.204277 0.408407 1.544457 1.204277 108.099746
13 1.221730 0.408407 1.544221 1.221730 105.902382
13 1.239184 0.408407 1.543986 1.239184 103.658452
13 1.256637 0.408407 1.543750 1.256637 101.364864
13 1.274090 0.408407 1.543511 1.274090 99.018171
13 1.291544 0.408407 1.543268 1.291544 96.614505
13 1.308997 0.408407 1.543018 1.308997 94.149505
14 0.000000 0.439823 1.570796 0.000000 210.038092
14 0.017453 0.439823 1.570459 0.017453 208.917088
14 0.034907 0.439823 1.570114 0.034907 207.790017
14 0.052360 0.439823 1.569760 0.052360 206.656780
14 0.069813 0.439823 1.569397 0.069813 205.517274
14 0.087266 0.439823 1.569027 0.087266 204.371393
14 0.104720 0.439823 1.568649 0.104720 203.219028
14 0.122173 0.439823 1.568263 0.122173 202.060068
14 0.139626 0.439823 1.567871 0.139626 200.894398
14 0.157080 0.439823 1.567471 0.157080 199.721901
14 0.174533 0.439823 1.567065 0.174533 198.542454
14 0.191986 0.439823 1.566653 0.191986 197.355933
14 0.209440 0.439823 1.566235 0.209440 196.162208
14 0.226893 0.439823 1.565811 0.226893 194.961147
14 0.244346 0.439823 1.565382 0.244346 193.752613
14 0.261799 0.439823 1.564948 0.261799 192.536464
14 0.279253 0.439823 1.564509 0.279253 191.312556
14 0.296706 0.439823 1.564066 0.296706 190.080737
14 0.314159 0.439823 1.563619 0.314159 188.840853
14 0.331613 0.439823 1.563169 0.331613 187.592744
14 0.349066 0.439823 1.562715 0.349066 186.336244
14 0.366519 0.439823 1.562259 0.366519 185.071181
14 0.383972 0.439823 1.561800 0.383972 183.797379
14 0.401426 0.439823 1.561339 0.401426 182.514655
14 0.418879 0.439823 1.560876 0.418879 181.222820
14 0.436332 0.439823 1.560412 0.436332 179.921676
14 0.453786 0.439823 1.559947 0.453786 178.611020
14 0.471239 0.439823 1.559481 0.471239 177.290642
14 0.488692 0.439823 1.559015 0.488692 175.960322
14 0.506145 0.439823 1.558549 0.506145 174.619834
14 0.523599 0.439823 1.558084 0.523599 173.268941
14 0.541052 0.439823 1.557619 0.541052 171.907399
14 0.558505 0.439823 1.557156 0.558505 170.534953
14 0.575959 0.439823 1.556694 0.575959 169.151337
14 0.593412 0.439823 1.556233 0.593412 167.756276
14 0.610865 0.439823 1.555775 0.610865 166.349482
14 0.628319 0.439823 1.555320 0.628319 164.930654
14 0.645772 0.439823 1.554868 0.645772 163.499481
14 0.663225 0.439823 1.554418 0.663225 162.055635
14 0.680678 0.439823 1.553973 0.680678 160.598776
14 0.698132 0.439823 1.553531 0.698132 159.128547
14 0.715585 0.439823 1.553093 0.715585 157.644573
14 0.733038 0.439823 1.552660 0.733038 156.146464
14 0.750492 0.439823 1.552231 0.750492 154.633810
14 0.767945 0.439823 1.551808 0.767945 153.106181
14 0.785398 0.439823 1.551390 0.785398 151.563124
14 0.802851 0.439823 1.550977 0.802851 150.004164
14 0.820305 0.439823 1.550570 0.820305 148.428801
14 0.837758 0.439823 1.550170 0.837758 146.836508
14 0.855211 0.439823 1.549775 0.855211 145.226730
14 0.872665 0.439823 1.549387 0.872665 143.598878
14 0.890118 0.439823 1.549005 0.890118 141.952333
14 0.907571 0.439823 1.548630 0.907571 140.286438
14 0.925025 0.439823 1.548262 0.925025 138.600495
14 0.942478 0.439823 1.547900 0.942478 136.893766
14 0.959931 0.439823 1.547546 0.959931 135.165465
14 0.977384 0.439823 1.547198 0.977384 133.414753
14 0.994838 0.439823 1.546858 0.994838 131.640739
14 1.012291 0.439823 1.546524 1.012291 129.842469
14 1.029744 0.439823 1.546197 1.029744 128.018922
14 1.047198 0.439823 1.545877 1.047198 126.169004
14 1.064651 0.439823 1.545563 1.064651 124.291538
14 1.082104 0.439823 1.545256 1.082104 122.385259
14 1.099557 0.439823 1.544954 1.099557 120.448800
14 1.117011 0.439823 1.544658 1.117011 118.480684
14 1.134464 0.439823 1.544367 1.134464 116.479306
14 1.151917 0.439823 1.544080 1.151917 114.442924
14 1.169371 0.439823 1.543797 1.169371 112.369637
14 1.186824 0.439823 1.543516 1.186824 110.257365
14 1.204277 0.439823 1.543238 1.204277 108.103823
14 1.221730 0.439823 1.542960 1.221730 105.906498
14 1.239184 0.439823 1.542682 1.239184 103.662606
14 1.256637 0.439823 1.542400 1.256637 101.369058
14 1.274090 0.439823 1.542115 1.274090 99.022404
14 1.291544 0.439823 1.541822 1.291544 96.618779
14 1.308997 0.439823 1.541519 1.308997 94.153820
15 0.000000 0.471239 1.570796 0.000000 210.038092
15 0.017453 0.471239 1.570459 0.017453 208.917140
15 0.034907 0.471239 1.570113 0.034907 207.790124
15 0.052360 0.471239 1.569758 0.052360 206.656942
15 0.069813 0.471239 1.569394 0.069813 205.517492
15 0.087266 0.471239 1.569021 0.087266 204.371669
15 0.104720 0.471239 1.568641 0.104720 203.219363
15 0.122173 0.471239 1.568252 0.122173 202.060464
15 0.139626 0.471239 1.567856 0.139626 200.894856
15 0.157080 0.471239 1.567452 0.157080 199.722421
15 0.174533 0.471239 1.567041 0.174533 198.543038
15 0.191986 0.471239 1.566624 0.191986 197.356581
15 0.209440 0.471239 1.566200 0.209440 196.162922
15 0.226893 0.471239 1.565770 0.226893 194.961927
15 0.244346 0.471239 1.565335 0.244346 193.753460
15 0.261799 0.471239 1.564893 0.261799 192.537380
15 0.279253 0.471239 1.564447 0.279253 191.313540
15 0.296706 0.471239 1.563996 0.296706 190.081792
15 0.314159 0.471239 1.563541 0.314159 188.841978
15 0.331613 0.471239 1.563081 0.331613 187.593940
15 0.349066 0.471239 1.562618 0.349066 186.337511
15 0.366519 0.471239 1.562151 0.366519 185.072520
15 0.383972 0.471239 1.561681 0.383972 183.798791
15 0.401426 0.471239 1.561209 0.401426 182.516139
15 0.418879 0.471239 1.560734 0.418879 181.224377
15 0.436332 0.471239 1.560258 0.436332 179.923306
15 0.453786 0.471239 1.559780 0.453786 178.612724
15 0.471239 0.471239 1.559300 0.471239 177.292419
15 0.488692 0.471239 1.558820 0.488692 175.962173
15 0.506145 0.471239 1.558340 0.506145 174.621759
15 0.523599 0.471239 1.557859 0.523599 173.270940
15 0.541052 0.471239 1.557379 0.541052 171.909472
15 0.558505 0.471239 1.556899 0.558505 170.537099
15 0.575959 0.471239 1.556420 0.575959 169.153556
15 0.593412 0.471239 1.555943 0.593412 167.758568
15 0.610865 0.471239 1.555467 0.610865 166.351846
15 0.628319 0.471239 1.554994 0.628319 164.933091
15 0.645772 0.471239 1.554522 0.645772 163.501990
15 0.663225 0.471239 1.554054 0.663225 162.058216
15 0.680678 0.471239 1.553588 0.680678 160.601428
15 0.698132 0.471239 1.553126 0.698132 159.131269
15 0.715585 0.471239 1.552668 0.715585 157.647365
15 0.733038 0.471239 1.552213 0.733038 156.149325
15 0.750492 0.471239 1.551763 0.750492 154.636740
15 0.767945 0.471239 1.551317 0.767945 153.109178
15 0.785398 0.471239 1.550876 0.785398 151.566188
15 0.802851 0.471239 1.550440 0.802851 150.007294
15 0.820305 0.471239 1.550009 0.820305 148.431997
15 0.837758 0.471239 1.549584 0.837758 146.839768
15 0.855211 0.471239 1.549164 0.855211 145.230053
15 0.872665 0.471239 1.548750 0.872665 143.602264
15 0.890118 0.471239 1.548342 0.890118 141.955781
15 0.907571 0.471239 1.547940 0.907571 140.289946
15 0.925025 0.471239 1.547545 0.925025 138.604063
15 0.942478 0.471239 1.547155 0.942478 136.897392
15 0.959931 0.471239 1.546772 0.959931 135.169148
15 0.977384 0.471239 1.546396 0.977384 133.418493
15 0.994838 0.471239 1.546025 0.994838 131.644534
15 1.012291 0.471239 1.545661 1.012291 129.846318
15 1.029744 0.471239 1.545303 1.029744 128.022825
15 1.047198 0.471239 1.544951 1.047198 126.172959
15 1.064651 0.471239 1.544604 1.064651 124.295545
15 1.082104 0.471239 1.544263 1.082104 122.389316
15 1.099557 0.471239 1.543927 1.099557 120.452907
15 1.117011 0.471239 1.543596 1.117011 118.484839
15 1.134464 0.471239 1.543268 1.134464 116.483510
15 1.151917 0.471239 1.542944 1.151917 114.447176
15 1.169371 0.471239 1.542622 1.169371 112.373936
15 1.186824 0.471239 1.542302 1.186824 110.261710
15 1.204277 0.471239 1.541982 1.204277 108.108215
15 1.221730 0.471239 1.541661 1.221730 105.910937
15 1.239184 0.471239 1.541338 1.239184 103.667092
15 1.256637 0.471239 1.541010 1.256637 101.373591
15 1.274090 0.471239 1.540676 1.274090 99.026986
15 1.291544 0.471239 1.540332 1.291544 96.623410
15 1.308997 0.471239 1.539976 1.308997 94.158503
16 0.000000 0.502655 1.570796 0.000000 210.038092
16 0.017453 0.502655 1.570459 0.017453 208.917195
16 0.034907 0.502655 1.570112 0.034907 207.790234
16 0.052360 0.502655 1.569756 0.052360 206.657109
16 0.069813 0.502655 1.569390 0.069813 205.517718
16 0.087266 0.502655 1.569015 0.087266 204.371955
16 0.104720 0.502655 1.568632 0.104720 203.219711
16 0.122173 0.502655 1.568240 0.122173 202.060874
16 0.139626 0.502655 1.567840 0.139626 200.895330
16 0.157080 0.502655 1.567432 0.157080 199.722960
16 0.174533 0.502655 1.567017 0.174533 198.543644
16 0.191986 0.502655 1.566594 0.191986 197.357255
16 0.209440 0.502655 1.566165 0.209440 196.163664
16 0.226893 0.502655 1.565729 0.226893 194.962739
16 0.244346 0.502655 1.565286 0.244346 193.754343
16 0.261799 0.502655 1.564837 0.261799 192.538334
16 0.279253 0.502655 1.564383 0.279253 191.314567
16 0.296706 0.502655 1.563924 0.296706 190.082892
16 0.314159 0.502655 1.563459 0.314159 188.843152
16 0.331613 0.502655 1.562990 0.331613 187.595188
16 0.349066 0.502655 1.562517 0.349066 186.338835
16 0.366519 0.502655 1.562039 0.366519 185.073920
16 0.383972 0.502655 1.561558 0.383972 183.800267
16 0.401426 0.502655 1.561074 0.401426 182.517693
16 0.418879 0.502655 1.560587 0.418879 181.226007
16 0.436332 0.502655 1.560098 0.436332 179.925014
16 0.453786 0.502655 1.559607 0.453786 178.614510
16 0.471239 0.502655 1.559113 0.471239 177.294284
16 0.488692 0.502655 1.558619 0.488692 175.964116
16 0.506145 0.502655 1.558123 0.506145 174.623781
16 0.523599 0.502655 1.557627 0.523599 173.273040
16 0.541052 0.502655 1.557131 0.541052 171.911651
16 0.558505 0.502655 1.556634 0.558505 170.539356
16 0.575959 0.502655 1.556138 0.575959 169.155892
16 0.593412 0.502655 1.555643 0.593412 167.760982
16 0.610865 0.502655 1.555149 0.610865 166.354339
16 0.628319 0.502655 1.554657 0.628319 164.935661
16 0.645772 0.502655 1.554166 0.645772 163.504638
16 0.663225 0.502655 1.553678 0.663225 162.060940
16 0.680678 0.502655 1.553192 0.680678 160.604229
16 0.698132 0.502655 1.552709 0.698132 159.134146
16 0.715585 0.502655 1.552229 0.715585 157.650317
16 0.733038 0.502655 1.551752 0.733038 156.152353
16 0.750492 0.502655 1.551279 0.750492 154.639841
16 0.767945 0.502655 1.550810 0.767945 153.112353
16 0.785398 0.502655 1.550345 0.785398 151.569436
16 0.802851 0.502655 1.549885 0.802851 150.010614
16 0.820305 0.502655 1.549430 0.820305 148.435388
16 0.837758 0.502655 1.548979 0.837758 146.843230
16 0.855211 0.502655 1.548533 0.855211 145.233585
16 0.872665 0.502655 1.548093 0.872665 143.605864
16 0.890118 0.502655 1.547658 0.890118 141.959449
16 0.907571 0.502655 1.547229 0.907571 140.293681
16 0.925025 0.502655 1.546805 0.925025 138.607864
16 0.942478 0.502655 1.546387 0.942478 136.901258
16 0.959931 0.502655 1.545974 0.959931 135.173078
16 0.977384 0.502655 1.545567 0.977384 133.422486
16 0.994838 0.502655 1.545166 0.994838 131.648589
16 1.012291 0.502655 1.544770 1.012291 129.850434
16 1.029744 0.502655 1.544380 1.029744 128.027001
16 1.047198 0.502655 1.543995 1.047198 126.177194
16 1.064651 0.502655 1.543615 1.064651 124.299839
16 1.082104 0.502655 1.543239 1.082104 122.393668
16 1.099557 0.502655 1.542867 1.099557 120.457316
16 1.117011 0.502655 1.542499 1.117011 118.489304
16 1.134464 0.502655 1.542134 1.134464 116.488030
16 1.151917 0.502655 1.541771 1.151917 114.451751
16 1.169371 0.502655 1.541410 1.169371 112.378566
16 1.186824 0.502655 1.541048 1.186824 110.266395
16 1.204277 0.502655 1.540686 1.204277 108.112956
16 1.221730 0.502655 1.540321 1.221730 105.915732
16 1.239184 0.502655 1.539951 1.239184 103.671943
16 1.256637 0.502655 1.539576 1.256637 101.378499
16 1.274090 0.502655 1.539191 1.274090 99.031951
16 1.291544 0.502655 1.538794 1.291544 96.628435
16 1.308997 0.502655 1.538382 1.308997 94.163589
17 0.000000 0.534071 1.570796 0.000000 210.038092
17 0.017453 0.534071 1.570459 0.017453 208.917251
17 0.034907 0.534071 1.570111 0.034907 207.790348
17 0.052360 0.534071 1.569753 0.052360 206.657283
17 0.069813 0.534071 1.569386 0.069813 205.517953
17 0.087266 0.534071 1.569009 0.087266 204.372252
17 0.104720 0.534071 1.568623 0.104720 203.220072
17 0.122173 0.534071 1.568228 0.122173 202.061301
17 0.139626 0.534071 1.567824 0.139626 200.895824
17 0.157080 0.534071 1.567412 0.157080 199.723522
17 0.174533 0.534071 1.566992 0.174533 198.544275
17 0.191986 0.534071 1.566564 0.191986 197.357957
17 0.209440 0.534071 1.566128 0.209440 196.164439
17 0.226893 0.534071 1.565685 0.226893 194.963587
17 0.244346 0.534071 1.565236 0.244346 193.755265
17 0.261799 0.534071 1.564780 0.261799 192.539332
17 0.279253 0.534071 1.564317 0.279253 191.315641
17 0.296706 0.534071 1.563849 0.296706 190.084043
17 0.314159 0.534071 1.563375 0.314159 188.844381
17 0.331613 0.534071 1.562896 0.331613 187.596497
17 0.349066 0.534071 1.562412 0.349066 186.340223
17 0.366519 0.534071 1.561924 0.366519 185.075388
17 0.383972 0.534071 1.561431 0.383972 183.801817
17 0.401426 0.534071 1.560935 0.401426 182.519324
17 0.418879 0.534071 1.560435 0.418879 181.227721
17 0.436332 0.534071 1.559933 0.436332 179.926810
17 0.453786 0.534071 1.559427 0.453786 178.616389
17 0.471239 0.534071 1.558920 0.471239 177.296246
17 0.488692 0.534071 1.558410 0.488692 175.966162
17 0.506145 0.534071 1.557899 0.506145 174.625910
17 0.523599 0.534071 1.557387 0.523599 173.275254
17 0.541052 0.534071 1.556874 0.541052 171.913948
17 0.558505 0.534071 1.556360 0.558505 170.541738
17 0.575959 0.534071 1.555846 0.575959 169.158358
17 0.593412 0.534071 1.555333 0.593412 167.763532
17 0.610865 0.534071 1.554820 0.610865 166.356972
17 0.628319 0.534071 1.554308 0.628319 164.938379
17 0.645772 0.534071 1.553798 0.645772 163.507438
17 0.663225 0.534071 1.553288 0.663225 162.063824
17 0.680678 0.534071 1.552781 0.680678 160.607195
17 0.698132 0.534071 1.552277 0.698132 159.137194
17 0.715585 0.534071 1.551774 0.715585 157.653448
17 0.733038 0.534071 1.551275 0.733038 156.155564
17 0.750492 0.534071 1.550778 0.750492 154.643134
17 0.767945 0.534071 1.550286 0.767945 153.115726
17 0.785398 0.534071 1.549796 0.785398 151.572888
17 0.802851 0.534071 1.549311 0.802851 150.014145
17 0.820305 0.534071 1.548830 0.820305 148.438997
17 0.837758 0.534071 1.548353 0.837758 146.846916
17 0.855211 0.534071 1.547880 0.855211 145.237347
17 0.872665 0.534071 1.547413 0.872665 143.609703
17 0.890118 0.534071 1.546950 0.890118 141.963362
17 0.907571 0.534071 1.546492 0.907571 140.297668
17 0.925025 0.534071 1.546039 0.925025 138.611923
17 0.942478 0.534071 1.545591 0.942478 136.905390
17 0.959931 0.534071 1.545148 0.959931 135.177281
17 0.977384 0.534071 1.544710 0.977384 133.426759
17 0.994838 0.534071 1.544277 0.994838 131.652932
17 1.012291 0.534071 1.543848 1.012291 129.854846
17 1.029744 0.534071 1.543425 1.029744 128.031480
17 1.047198 0.534071 1.543005 1.047198 126.181741
17 1.064651 0.534071 1.542590 1.064651 124.304451
17 1.082104 0.534071 1.542179 1.082104 122.398346
17 1.099557 0.534071 1.541770 1.099557 120.462059
17 1.117011 0.534071 1.541364 1.117011 118.494112
17 1.134464 0.534071 1.540960 1.134464 116.492902
17 1.151917 0.534071 1.540557 1.151917 114.456687
17 1.169371 0.534071 1.540154 1.169371 112.383565
17 1.186824 0.534071 1.539750 1.186824 110.271458
17 1.204277 0.534071 1.539344 1.204277 108.118082
17 1.221730 0.534071 1.538933 1.221730 105.920923
17 1.239184 0.534071 1.538516 1.239184 103.677200
17 1.256637 0.534071 1.538090 1.256637 101.383822
17 1.274090 0.534071 1.537654 1.274090 99.037343
17 1.291544 0.534071 1.537202 1.291544 96.633897
17 1.308997 0.534071 1.536733 1.308997 94.169125
18 0.000000 0.565487 1.570796 0.000000 210.038092
18 0.017453 0.565487 1.570459 0.017453 208.917309
18 0.034907 0.565487 1.570110 0.034907 207.790467
18 0.052360 0.565487 1.569751 0.052360 206.657463
18 0.069813 0.565487 1.569382 0.069813 205.518197
18 0.087266 0.565487 1.569003 0.087266 204.372562
18 0.104720 0.565487 1.568614 0.104720 203.220449
18 0.122173 0.565487 1.568215 0.122173 202.061746
18 0.139626 0.565487 1.567808 0.139626 200.896339
18 0.157080 0.565487 1.567391 0.157080 199.724109
18 0.174533 0.565487 1.566966 0.174533 198.544935
18 0.191986 0.565487 1.566532 0.191986 197.358692
18 0.209440 0.565487 1.566090 0.209440 196.165249
18 0.226893 0.565487 1.565641 0.226893 194.964474
18 0.244346 0.565487 1.565184 0.244346 193.756231
18 0.261799 0.565487 1.564719 0.261799 192.540377
18 0.279253 0.565487 1.564248 0.279253 191.316767
18 0.296706 0.565487 1.563771 0.296706 190.085250
18 0.314159 0.565487 1.563288 0.314159 188.845672
18 0.331613 0.565487 1.562798 0.331613 187.597871
18 0.349066 0.565487 1.562304 0.349066 186.341682
18 0.366519 0.565487 1.561804 0.366519 185.076933
18 0.383972 0.565487 1.561299 0.383972 183.803447
18 0.401426 0.565487 1.560791 0.401426 182.521041
18 0.418879 0.565487 1.560278 0.418879 181.229525
18 0.436332 0.565487 1.559761 0.436332 179.928703
18 0.453786 0.565487 1.559242 0.453786 178.618371
18 0.471239 0.565487 1.558719 0.471239 177.298317
18 0.488692 0.565487 1.558194 0.488692 175.968322
18 0.506145 0.565487 1.557667 0.506145 174.628160
18 0.523599 0.565487 1.557138 0.523599 173.277594
18 0.541052 0.565487 1.556607 0.541052 171.916378
18 0.558505 0.565487 1.556076 0.558505 170.544258
18 0.575959 0.565487 1.555543 0.575959 169.160969
18 0.593412 0.565487 1.555011 0.593412 167.766233
18 0.610865 0.565487 1.554478 0.610865 166.359764
18 0.628319 0.565487 1.553946 0.628319 164.941260
18 0.645772 0.565487 1.553415 0.645772 163.510410
18 0.663225 0.565487 1.552884 0.663225 162.066886
18 0.680678 0.565487 1.552355 0.680678 160.610346
18 0.698132 0.565487 1.551828 0.698132 159.140435
18 0.715585 0.565487 1.551303 0.715585 157.656777
18 0.733038 0.565487 1.550779 0.733038 156.158982
18 0.750492 0.565487 1.550259 0.750492 154.646639
18 0.767945 0.565487 1.549741 0.767945 153.119319
18 0.785398 0.565487 1.549226 0.785398 151.576568
18 0.802851 0.565487 1.548715 0.802851 150.017911
18 0.820305 0.565487 1.548207 0.820305 148.442848
18 0.837758 0.565487 1.547703 0.837758 146.850852
18 0.855211 0.565487 1.547203 0.855211 145.241367
18 0.872665 0.565487 1.546707 0.872665 143.613806
18 0.890118 0.565487 1.546215 0.890118 141.967547
18 0.907571 0.565487 1.545727 0.907571 140.301935
18 0.925025 0.565487 1.545244 0.925025 138.616272
18 0.942478 0.565487 1.544765 0.942478 136.909818
18 0.959931 0.565487 1.544290 0.959931 135.181789
18 0.977384 0.565487 1.543820 0.977384 133.431345
18 0.994838 0.565487 1.543354 0.994838 131.657596
18 1.012291 0.565487 1.542892 1.012291 129.859587
18 1.029744 0.565487 1.542433 1.029744 128.036297
18 1.047198 0.565487 1.541979 1.047198 126.186633
18 1.064651 0.565487 1.541527 1.064651 124.309419
18 1.082104 0.565487 1.541078 1.082104 122.403388
18 1.099557 0.565487 1.540632 1.099557 120.467175
18 1.117011 0.565487 1.540186 1.117011 118.499301
18 1.134464 0.565487 1.539742 1.134464 116.498164
18 1.151917 0.565487 1.539298 1.151917 114.462023
18 1.169371 0.565487 1.538852 1.169371 112.388974
18 1.186824 0.565487 1.538403 1.186824 110.276941
18 1.204277 0.565487 1.537951 1.204277 108.123640
18 1.221730 0.565487 1.537493 1.221730 105.926556
18 1.239184 0.565487 1.537026 1.239184 103.682908
18 1.256637 0.565487 1.536549 1.256637 101.389609
18 1.274090 0.565487 1.536058 1.274090 99.043210
18 1.291544 0.565487 1.535550 1.291544 96.639847
18 1.308997 0.565487 1.535021 1.308997 94.175161
19 0.000000 0.596903 1.570796 0.000000 210.038092
19 0.017453 0.596903 1.570458 0.017453 208.917370
19 0.034907 0.596903 1.570109 0.034907 207.790590
19 0.052360 0.596903 1.569749 0.052360 206.657652
19 0.069813 0.596903 1.569378 0.069813 205.518452
19 0.087266 0.596903 1.568996 0.087266 204.372885
19 0.104720 0.596903 1.568604 0.104720 203.220842
19 0.122173 0.596903 1.568202 0.122173 202.062212
19 0.139626 0.596903 1.567790 0.139626 200.896878
19 0.157080 0.596903 1.567369 0.157080 199.724724
19 0.174533 0.596903 1.566938 0.174533 198.545627
19 0.191986 0.596903 1.566499 0.191986 197.359462
19 0.209440 0.596903 1.566050 0.209440 196.166099
19 0.226893 0.596903 1.565594 0.226893 194.965406
19 0.244346 0.596903 1.565129 0.244346 193.757246
19 0.261799 0.596903 1.564657 0.261799 192.541476
19 0.279253 0.596903 1.564177 0.279253 191.317952
19 0.296706 0.596903 1.563690 0.296706 190.086522
19 0.314159 0.596903 1.563197 0.314159 188.847031
19 0.331613 0.596903 1.562697 0.331613 187.599319
19 0.349066 0.596903 1.562191 0.349066 186.343220
19 0.366519 0.596903 1.561679 0.366519 185.078562
19 0.383972 0.596903 1.561162 0.383972 183.805168
19 0.401426 0.596903 1.560640 0.401426 182.522855
19 0.418879 0.596903 1.560114 0.418879 181.231433
19 0.436332 0.596903 1.559583 0.436332 179.930705
19 0.453786 0.596903 1.559048 0.453786 178.620467
19 0.471239 0.596903 1.558510 0.471239 177.300508
19 0.488692 0.596903 1.557969 0.488692 175.970610
19 0.506145 0.596903 1.557425 0.506145 174.630544
19 0.523599 0.596903 1.556878 0.523599 173.280075
19 0.541052 0.596903 1.556330 0.541052 171.918956
19 0.558505 0.596903 1.555780 0.558505 170.546934
19 0.575959 0.596903 1.555228 0.575959 169.163741
19 0.593412 0.596903 1.554676 0.593412 167.769103
19 0.610865 0.596903 1.554123 0.610865 166.362732
19 0.628319 0.596903 1.553570 0.628319 164.944326
19 0.645772 0.596903 1.553017 0.645772 163.513573
19 0.663225 0.596903 1.552464 0.663225 162.070146
19 0.680678 0.596903 1.551912 0.680678 160.613704
19 0.698132 0.596903 1.551361 0.698132 159.143889
19 0.715585 0.596903 1.550812 0.715585 157.660328
19 0.733038 0.596903 1.550264 0.733038 156.162630
19 0.750492 0.596903 1.549718 0.750492 154.650383
19 0.767945 0.596903 1.549174 0.767945 153.123158
19 0.785398 0.596903 1.548633 0.785398 151.580501
19 0.802851 0.596903 1.548095 0.802851 150.021939
19 0.820305 0.596903 1.547559 0.820305 148.446970
19 0.837758 0.596903 1.547027 0.837758 146.855068
19 0.855211 0.596903 1.546498 0.855211 145.245675
19 0.872665 0.596903 1.545972 0.872665 143.618206
19 0.890118 0.596903 1.545450 0.890118 141.972039
19 0.907571 0.596903 1.544931 0.907571 140.306517
19 0.925025 0.596903 1.544417 0.925025 138.620943
19 0.942478 0.596903 1.543905 0.942478 136.914579
19 0.959931 0.596903 1.543398 0.959931 135.186637
19 0.977384 0.596903 1.542894 0.977384 133.436282
19 0.994838 0.596903 1.542393 0.994838 131.662619
19 1.012291 0.596903 1.541896 1.012291 129.864696
19 1.029744 0.596903 1.541402 1.029744 128.041493
19 1.047198 0.596903 1.540910 1.047198 126.191914
19 1.064651 0.596903 1.540421 1.064651 124.314784
19 1.082104 0.596903 1.539933 1.082104 122.408837
19 1.099557 0.596903 1.539447 1.099557 120.472707
19 1.117011 0.596903 1.538961 1.117011 118.504918
19 1.134464 0.596903 1.538474 1.134464 116.503865
19 1.151917 0.596903 1.537987 1.151917 114.467807
19 1.169371 0.596903 1.537496 1.169371 112.394843
19 1.186824 0.596903 1.537002 1.186824 110.282894
19 1.204277 0.596903 1.536502 1.204277 108.129678
19 1.221730 0.596903 1.535994 1.221730 105.932681
19 1.239184 0.596903 1.535476 1.239184 103.689122
19 1.256637 0.596903 1.534945 1.256637 101.395913
19 1.274090 0.596903 1.534398 1.274090 99.049608
19 1.291544 0.596903 1.533831 1.291544 96.646341
19 1.308997 0.596903 1.533240 1.308997 94.181757
20 0.000000 0.628319 1.570796 0.000000 210.038092
20 0.017453 0.628319 1.570458 0.017453 208.917434
20 0.034907 0.628319 1.570108 0.034907 207.790719
20 0.052360 0.628319 1.569746 0.052360 206.657849
20 0.069813 0.628319 1.569373 0.069813 205.518719
20 0.087266 0.628319 1.568989 0.087266 204.373224
20 0.104720 0.628319 1.568594 0.104720 203.221255
20 0.122173 0.628319 1.568188 0.122173 202.062700
20 0.139626 0.628319 1.567772 0.139626 200.897445
20 0.157080 0.628319 1.567346 0.157080 199.725370
20 0.174533 0.628319 1.566910 0.174533 198.546354
20 0.191986 0.628319 1.566464 0.191986 197.360272
20 0.209440 0.628319 1.566009 0.209440 196.166994
20 0.226893 0.628319 1.565545 0.226893 194.966388
20 0.244346 0.628319 1.565073 0.244346 193.758315
20 0.261799 0.628319 1.564592 0.261799 192.542635
20 0.279253 0.628319 1.564103 0.279253 191.319202
20 0.296706 0.628319 1.563606 0.296706 190.087864
20 0.314159 0.628319 1.563102 0.314159 188.848467
20 0.331613 0.628319 1.562591 0.331613 187.600850
20 0.349066 0.628319 1.562073 0.349066 186.344847
20 0.366519 0.628319 1.561549 0.366519 185.080286
20 0.383972 0.628319 1.561019 0.383972 183.806991
20 0.401426 0.628319 1.560483 0.401426 182.524777
20 0.418879 0.628319 1.559942 0.418879 181.233455
20 0.436332 0.628319 1.559397 0.436332 179.932828
20 0.453786 0.628319 1.558846 0.453786 178.622692
20 0.471239 0.628319 1.558292 0.471239 177.302836
20 0.488692 0.628319 1.557734 0.488692 175.973041
20 0.506145 0.628319 1.557172 0.506145 174.633078
20 0.523599 0.628319 1.556608 0.523599 173.282713
20 0.541052 0.628319 1.556040 0.541052 171.921700
20 0.558505 0.628319 1.555471 0.558505 170.549782
20 0.575959 0.628319 1.554899 0.575959 169.166695
20 0.593412 0.628319 1.554326 0.593412 167.772163
20 0.610865 0.628319 1.553752 0.610865 166.365897
20 0.628319 0.628319 1.553177 0.628319 164.947597
20 0.645772 0.628319 1.552601 0.645772 163.516950
20 0.663225 0.628319 1.552025 0.663225 162.073630
20 0.680678 0.628319 1.551449 0.680678 160.617293
20 0.698132 0.628319 1.550874 0.698132 159.147584
20 0.715585 0.628319 1.550299 0.715585 157.664129
20 0.733038 0.628319 1.549726 0.733038 156.166535
20 0.750492 0.628319 1.549154 0.750492 154.654393
20 0.767945 0.628319 1.548583 0.767945 153.127273
20 0.785398 0.628319 1.548014 0.785398 151.584721
20 0.802851 0.628319 1.547448 0.802851 150.026262
20 0.820305 0.628319 1.546883 0.820305 148.451397
20 0.837758 0.628319 1.546321 0.837758 146.859597
20 0.855211 0.628319 1.545762 0.855211 145.250306
20 0.872665 0.628319 1.545206 0.872665 143.622938
20 0.890118 0.628319 1.544652 0.890118 141.976872
20 0.907571 0.628319 1.544101 0.907571 140.311451
20 0.925025 0.628319 1.543553 0.925025 138.625977
20 0.942478 0.628319 1.543008 0.942478 136.919712
20 0.959931 0.628319 1.542466 0.959931 135.191869
20 0.977384 0.628319 1.541927 0.977384 133.441611
20 0.994838 0.628319 1.541391 0.994838 131.668046
20 1.012291 0.628319 1.540857 1.012291 129.870220
20 1.029744 0.628319 1.540325 1.029744 128.047112
20 1.047198 0.628319 1.539795 1.047198 126.197629
20 1.064651 0.628319 1.539266 1.064651 124.320595
20 1.082104 0.628319 1.538738 1.082104 122.414743
20 1.099557 0.628319 1.538210 1.099557 120.478709
20 1.117011 0.628319 1.537682 1.117011 118.511014
20 1.134464 0.628319 1.537152 1.134464 116.510057
20 1.151917 0.628319 1.536619 1.151917 114.474095
20 1.169371 0.628319 1.536082 1.169371 112.401227
20 1.186824 0.628319 1.535539 1.186824 110.289376
20 1.204277 0.628319 1.534989 1.204277 108.136259
20 1.221730 0.628319 1.534430 1.221730 105.939362
20 1.239184 0.628319 1.533858 1.239184 103.695905
20 1.256637 0.628319 1.533272 1.256637 101.402801
20 1.274090 0.628319 1.532666 1.274090 99.056603
20 1.291544 0.628319 1.532038 1.291544 96.653449
20 1.308997 0.628319 1.531381 1.308997 94.188981
21 0.000000 0.659734 1.570796 0.000000 210.038092
21 0.017453 0.659734 1.570458 0.017453 208.917500
21 0.034907 0.659734 1.570107 0.034907 207.790855
21 0.052360 0.659734 1.569744 0.052360 206.658055
21 0.069813 0.659734 1.569369 0.069813 205.518999
21 0.087266 0.659734 1.568982 0.087266 204.373580
21 0.104720 0.659734 1.568583 0.104720 203.221689
21 0.122173 0.659734 1.568174 0.122173 202.063214
21 0.139626 0.659734 1.567753 0.139626 200.898041
21 0.157080 0.659734 1.567322 0.157080 199.726050
21 0.174533 0.659734 1.566880 0.174533 198.547121
21 0.191986 0.659734 1.566428 0.191986 197.361127
21 0.209440 0.659734 1.565966 0.209440 196.167939
21 0.226893 0.659734 1.565494 0.226893 194.967425
21 0.244346 0.659734 1.565013 0.244346 193.759446
21 0.261799 0.659734 1.564523 0.261799 192.543861
21 0.279253 0.659734 1.564025 0.279253 191.320525
21 0.296706 0.659734 1.563518 0.296706 190.089286
21 0.314159 0.659734 1.563002 0.314159 188.849989
21 0.331613 0.659734 1.562480 0.331613 187.602473
21 0.349066 0.659734 1.561950 0.349066 186.346573
21 0.366519 0.659734 1.561413 0.366519 185.082117
21 0.383972 0.659734 1.560869 0.383972 183.808927
21 0.401426 0.659734 1.560319 0.401426 182.526820
21 0.418879 0.659734 1.559763 0.418879 181.235606
21 0.436332 0.659734 1.559202 0.436332 179.935087
21 0.453786 0.659734 1.558635 0.453786 178.625061
21 0.471239 0.659734 1.558064 0.471239 177.305316
21 0.488692 0.659734 1.557488 0.488692 175.975632
21 0.506145 0.659734 1.556908 0.506145 174.635782
21 0.523599 0.659734 1.556324 0.523599 173.285530
21 0.541052 0.659734 1.555737 0.541052 171.924630
21 0.558505 0.659734 1.555147 0.558505 170.552826
21 0.575959 0.659734 1.554555 0.575959 169.169854
21 0.593412 0.659734 1.553960 0.593412 167.775436
21 0.610865 0.659734 1.553363 0.610865 166.369285
21 0.628319 0.659734 1.552765 0.628319 164.951101
21 0.645772 0.659734 1.552166 0.645772 163.520569
21 0.663225 0.659734 1.551566 0.663225 162.077364
21 0.680678 0.659734 1.550965 0.680678 160.621143
21 0.698132 0.659734 1.550364 0.698132 159.151550
21 0.715585 0.659734 1.549763 0.715585 157.668210
21 0.733038 0.659734 1.549163 0.733038 156.170732
21 0.750492 0.659734 1.548563 0.750492 154.658705
21 0.767945 0.659734 1.547964 0.767945 153.131699
21 0.785398 0.659734 1.547367 0.785398 151.589262
21 0.802851 0.659734 1.546770 0.802851 150.030917
21 0.820305 0.659734 1.546176 0.820305 148.456166
21 0.837758 0.659734 1.545583 0.837758 146.864479
21 0.855211 0.659734 1.544992 0.855211 145.255302
21 0.872665 0.659734 1.544403 0.872665 143.628047
21 0.890118 0.659734 1.543816 0.890118 141.982092
21 0.907571 0.659734 1.543232 0.907571 140.316782
21 0.925025 0.659734 1.542650 0.925025 138.631420
21 0.942478 0.659734 1.542070 0.942478 136.925265
21 0.959931 0.659734 1.541492 0.959931 135.197532
21 0.977384 0.659734 1.540916 0.977384 133.447384
21 0.994838 0.659734 1.540342 0.994838 131.673928
21 1.012291 0.659734 1.539769 1.012291 129.876210
21 1.029744 0.659734 1.539198 1.029744 128.053211
21 1.047198 0.659734 1.538628 1.047198 126.203836
21 1.064651 0.659734 1.538058 1.064651 124.326910
21 1.082104 0.659734 1.537488 1.082104 122.421166
21 1.099557 0.659734 1.536916 1.099557 120.485240
21 1.117011 0.659734 1.536343 1.117011 118.517653
21 1.134464 0.659734 1.535767 1.134464 116.516805
21 1.151917 0.659734 1.535187 1.151917 114.480952
21 1.169371 0.659734 1.534602 1.169371 112.408194
21 1.186824 0.659734 1.534009 1.186824 110.296454
21 1.204277 0.659734 1.533407 1.204277 108.143450
21 1.221730 0.659734 1.532793 1.221730 105.946669
21 1.239184 0.659734 1.532165 1.239184 103.703330
21 1.256637 0.659734 1.531520 1.256637 101.410346
21 1.274090 0.659734 1.530853 1.274090 99.064274
21 1.291544 0.659734 1.530161 1.291544 96.661250
21 1.308997 0.659734 1.529436 1.308997 94.196917
22 0.000000 0.691150 1.570796 0.000000 210.038092
22 0.017453 0.691150 1.570457 0.017453 208.917570
22 0.034907 0.691150 1.570106 0.034907 207.790997
22 0.052360 0.691150 1.569741 0.052360 206.658273
22 0.069813 0.691150 1.569364 0.069813 205.519294
22 0.087266 0.691150 1.568974 0.087266 204.373955
22 0.104720 0.691150 1.568572 0.104720 203.222146
22 0.122173 0.691150 1.568159 0.122173 202.063757
22 0.139626 0.691150 1.567733 0.139626 200.898671
22 0.157080 0.691150 1.567296 0.157080 199.726770
22 0.174533 0.691150 1.566849 0.174533 198.547932
22 0.191986 0.691150 1.566390 0.191986 197.362033
22 0.209440 0.691150 1.565920 0.209440 196.168941
22 0.226893 0.691150 1.565441 0.226893 194.968525
22 0.244346 0.691150 1.564951 0.244346 193.760646
22 0.261799 0.691150 1.564451 0.261799 192.545163
22 0.279253 0.691150 1.563943 0.279253 191.321931
22 0.296706 0.691150 1.563425 0.296706 190.090798
22 0.314159 0.691150 1.562898 0.314159 188.851608
22 0.331613 0.691150 1.562363 0.331613 187.604202
22 0.349066 0.691150 1.561820 0.349066 186.348412
22 0.366519 0.691150 1.561269 0.366519 185.084068
22 0.383972 0.691150 1.560711 0.383972 183.810992
22 0.401426 0.691150 1.560146 0.401426 182.529000
22 0.418879 0.691150 1.559575 0.418879 181.237902
22 0.436332 0.691150 1.558997 0.436332 179.937501
22 0.453786 0.691150 1.558413 0.453786 178.627594
22 0.471239 0.691150 1.557824 0.471239 177.307968
22 0.488692 0.691150 1.557229 0.488692 175.978405
22 0.506145 0.691150 1.556630 0.506145 174.638677
22 0.523599 0.691150 1.556027 0.523599 173.288547
22 0.541052 0.691150 1.555419 0.541052 171.927770
22 0.558505 0.691150 1.554808 0.558505 170.556090
22 0.575959 0.691150 1.554193 0.575959 169.173243
22 0.593412 0.691150 1.553576 0.593412 167.778950
22 0.610865 0.691150 1.552956 0.610865 166.372925
22 0.628319 0.691150 1.552333 0.628319 164.954866
22 0.645772 0.691150 1.551709 0.645772 163.524461
22 0.663225 0.691150 1.551084 0.663225 162.081382
22 0.680678 0.691150 1.550457 0.680678 160.625288
22 0.698132 0.691150 1.549829 0.698132 159.155821
22 0.715585 0.691150 1.549200 0.715585 157.672608
22 0.733038 0.691150 1.548572 0.733038 156.175257
22 0.750492 0.691150 1.547943 0.750492 154.663357
22 0.767945 0.691150 1.547315 0.767945 153.136478
22 0.785398 0.691150 1.546687 0.785398 151.594167
22 0.802851 0.691150 1.546059 0.802851 150.035949
22 0.820305 0.691150 1.545433 0.820305 148.461323
22 0.837758 0.691150 1.544808 0.837758 146.869762
22 0.855211 0.691150 1.544183 0.855211 145.260710
22 0.872665 0.691150 1.543561 0.872665 143.633580
22 0.890118 0.691150 1.542939 0.890118 141.987750
22 0.907571 0.691150 1.542319 0.907571 140.322564
22 0.925025 0.691150 1.541701 0.925025 138.637325
22 0.942478 0.691150 1.541084 0.942478 136.931294
22 0.959931 0.691150 1.540468 0.959931 135.203684
22 0.977384 0.691150 1.539854 0.977384 133.453659
22 0.994838 0.691150 1.539240 0.994838 131.680325
22 1.012291 0.691150 1.538628 1.012291 129.882730
22 1.029744 0.691150 1.538015 1.029744 128.059853
22 1.047198 0.691150 1.537403 1.047198 126.210600
22 1.064651 0.691150 1.536789 1.064651 124.333796
22 1.082104 0.691150 1.536175 1.082104 122.428174
22 1.099557 0.691150 1.535558 1.099557 120.492370
22 1.117011 0.691150 1.534938 1.117011 118.524907
22 1.134464 0.691150 1.534314 1.134464 116.524182
22 1.151917 0.691150 1.533684 1.151917 114.488454
22 1.169371 0.691150 1.533047 1.169371 112.415822
22 1.186824 0.691150 1.532402 1.186824 110.304210
22 1.204277 0.691150 1.531745 1.204277 108.151336
22 1.221730 0.691150 1.531075 1.221730 105.954687
22 1.239184 0.691150 1.530388 1.239184 103.711483
22 1.256637 0.691150 1.529681 1.256637 101.418639
22 1.274090 0.691150 1.528950 1.274090 99.072711
22 1.291544 0.691150 1.528190 1.291544 96.669836
22 1.308997 0.691150 1.527394 1.308997 94.205661
23 0.000000 0.722566 1.570796 0.000000 210.038092
23 0.017453 0.722566 1.570457 0.017453 208.917644
23 0.034907 0.722566 1.570104 0.034907 207.791147
23 0.052360 0.722566 1.569738 0.052360 206.658503
23 0.069813 0.722566 1.569358 0.069813 205.519606
23 0.087266 0.722566 1.568966 0.087266 204.374352
23 0.104720 0.722566 1.568561 0.104720 203.222631
23 0.122173 0.722566 1.568143 0.122173 202.064332
23 0.139626 0.722566 1.567712 0.139626 200.899339
23 0.157080 0.722566 1.567270 0.157080 199.727534
23 0.174533 0.722566 1.566816 0.174533 198.548794
23 0.191986 0.722566 1.566350 0.191986 197.362995
23 0.209440 0.722566 1.565872 0.209440 196.170006
23 0.226893 0.722566 1.565384 0.226893 194.969695
23 0.244346 0.722566 1.564885 0.244346 193.761924
23 0.261799 0.722566 1.564376 0.261799 192.546551
23 0.279253 0.722566 1.563856 0.279253 191.323430
23 0.296706 0.722566 1.563327 0.296706 190.092411
23 0.314159 0.722566 1.562788 0.314159 188.853337
23 0.331613 0.722566 1.562240 0.331613 187.606048
23 0.349066 0.722566 1.561684 0.349066 186.350378
23 0.366519 0.722566 1.561119 0.366519 185.086156
23 0.383972 0.722566 1.560546 0.383972 183.813202
23 0.401426 0.722566 1.559965 0.401426 182.531335
23 0.418879 0.722566 1.559376 0.418879 181.240363
23 0.436332 0.722566 1.558781 0.436332 179.940090
23 0.453786 0.722566 1.558179 0.453786 178.630311
23 0.471239 0.722566 1.557571 0.471239 177.310816
23 0.488692 0.722566 1.556957 0.488692 175.981384
23 0.506145 0.722566 1.556338 0.506145 174.641788
23 0.523599 0.722566 1.555713 0.523599 173.291792
23 0.541052 0.722566 1.555084 0.541052 171.931149
23 0.558505 0.722566 1.554450 0.558505 170.559605
23 0.575959 0.722566 1.553812 0.575959 169.176893
23 0.593412 0.722566 1.553171 0.593412 167.782737
23 0.610865 0.722566 1.552526 0.610865 166.376849
23 0.628319 0.722566 1.551878 0.628319 164.958929
23 0.645772 0.722566 1.551228 0.645772 163.528662
23 0.663225 0.722566 1.550576 0.663225 162.085722
23 0.680678 0.722566 1.549921 0.680678 160.629767
23 0.698132 0.722566 1.549265 0.698132 159.160440
23 0.715585 0.722566 1.548608 0.715585 157.677367
23 0.733038 0.722566 1.547949 0.733038 156.180155
23 0.750492 0.722566 1.547290 0.750492 154.668395
23 0.767945 0.722566 1.546630 0.767945 153.141656
23 0.785398 0.722566 1.545970 0.785398 151.599485
23 0.802851 0.722566 1.545310 0.802851 150.041407
23 0.820305 0.722566 1.544650 0.820305 148.466921
23 0.837758 0.722566 1.543991 0.837758 146.875500
23 0.855211 0.722566 1.543332 0.855211 145.266587
23 0.872665 0.722566 1.542673 0.872665 143.639596
23 0.890118 0.722566 1.542016 0.890118 141.993905
23 0.907571 0.722566 1.541358 0.907571 140.328858
23 0.925025 0.722566 1.540702 0.925025 138.643758
23 0.942478 0.722566 1.540046 0.942478 136.937865
23 0.959931 0.722566 1.539391 0.959931 135.210393
23 0.977384 0.722566 1.538735 0.977384 133.460506
23 0.994838 0.722566 1.538080 0.994838 131.687310
23 1.012291 0.722566 1.537425 1.012291 129.889853
23 1.029744 0.722566 1.536769 1.029744 128.067113
23 1.047198 0.722566 1.536112 1.047198 126.217998
23 1.064651 0.722566 1.535453 1.064651 124.341332
23 1.082104 0.722566 1.534792 1.082104 122.435849
23 1.099557 0.722566 1.534127 1.099557 120.500185
23 1.117011 0.722566 1.533458 1.117011 118.532861
23 1.134464 0.722566 1.532783 1.134464 116.532277
23 1.151917 0.722566 1.532101 1.151917 114.496691
23 1.169371 0.722566 1.531411 1.169371 112.424204
23 1.186824 0.722566 1.530709 1.186824 110.312738
23 1.204277 0.722566 1.529995 1.204277 108.160013
23 1.221730 0.722566 1.529265 1.221730 105.963516
23 1.239184 0.722566 1.528516 1.239184 103.720468
23 1.256637 0.722566 1.527745 1.256637 101.427785
23 1.274090 0.722566 1.526946 1.274090 99.082023
23 1.291544 0.722566 1.526114 1.291544 96.679321
23 1.308997 0.722566 1.525244 1.308997 94.215326
24 0.000000 0.753982 1.570796 0.000000 210.038092
24 0.017453 0.753982 1.570457 0.017453 208.917722
24 0.034907 0.753982 1.570103 0.034907 207.791307
24 0.052360 0.753982 1.569735 0.052360 206.658746
24 0.069813 0.753982 1.569353 0.069813 205.519937
24 0.087266 0.753982 1.568957 0.087266 204.374773
24 0.104720 0.753982 1.568548 0.104720 203.223146
24 0.122173 0.753982 1.568126 0.122173 202.064944
24 0.139626 0.753982 1.567690 0.139626 200.900050
24 0.157080 0.753982 1.567242 0.157080 199.728347
24 0.174533 0.753982 1.566781 0.174533 198.549713
24 0.191986 0.753982 1.566307 0.191986 197.364021
24 0.209440 0.753982 1.565822 0.209440 196.171143
24 0.226893 0.753982 1.565325 0.226893 194.970945
24 0.244346 0.753982 1.564816 0.244346 193.763290
24 0.261799 0.753982 1.564296 0.261799 192.548035
24 0.279253 0.753982 1.563765 0.279253 191.325035
24 0.296706 0.753982 1.563224 0.296706 190.094139
24 0.314159 0.753982 1.562672 0.314159 188.855190
24 0.331613 0.753982 1.562111 0.331613 187.608029
24 0.349066 0.753982 1.561540 0.349066 186.352489
24 0.366519 0.753982 1.560959 0.366519 185.088397
24 0.383972 0.753982 1.560370 0.383972 183.815578
24 0.401426 0.753982 1.559773 0.401426 182.533846
24 0.418879 0.753982 1.559167 0.418879 181.243011
24 0.436332 0.753982 1.558553 0.436332 179.942877
24 0.453786 0.753982 1.557932 0.453786 178.633238
24 0.471239 0.753982 1.557304 0.471239 177.313885
24 0.488692 0.753982 1.556670 0.488692 175.984597
24 0.506145 0.753982 1.556029 0.506145 174.645146
24 0.523599 0.753982 1.555382 0.523599 173.295295
24 0.541052 0.753982 1.554730 0.541052 171.934800
24 0.558505 0.753982 1.554072 0.558505 170.563404
24 0.575959 0.753982 1.553410 0.575959 169.180842
24 0.593412 0.753982 1.552743 0.593412 167.786836
24 0.610865 0.753982 1.552072 0.610865 166.381099
24 0.628319 0.753982 1.551398 0.628319 164.963331
24 0.645772 0.753982 1.550720 0.645772 163.533216
24 0.663225 0.753982 1.550039 0.663225 162.090430
24 0.680678 0.753982 1.549355 0.680678 160.634629
24 0.698132 0.753982 1.548669 0.698132 159.165456
24 0.715585 0.753982 1.547981 0.715585 157.682537
24 0.733038 0.753982 1.547291 0.733038 156.185480
24 0.750492 0.753982 1.546600 0.750492 154.673875
24 0.767945 0.753982 1.545907 0.767945 153.147291
24 0.785398 0.753982 1.545213 0.785398 151.605276
24 0.802851 0.753982 1.544519 0.802851 150.047353
24 0.820305 0.753982 1.543823 0.820305 148.473023
24 0.837758 0.753982 1.543128 0.837758 146.881757
24 0.855211 0.753982 1.542432 0.855211 145.273000
24 0.872665 0.753982 1.541736 0.872665 143.646165
24 0.890118 0.753982 1.541039 0.890118 142.000630
24 0.907571 0.753982 1.540343 0.907571 140.335738
24 0.925025 0.753982 1.539646 0.925025 138.650793
24 0.942478 0.753982 1.538949 0.942478 136.945055
24 0.959931 0.753982 1.538251 0.959931 135.217739
24 0.977384 0.753982 1.537553 0.977384 133.468007
24 0.994838 0.753982 1.536854 0.994838 131.694967
24 1.012291 0.753982 1.536154 1.012291 129.897665
24 1.029744 0.753982 1.535452 1.029744 128.075082
24 1.047198 0.753982 1.534748 1.047198 126.226123
24 1.064651 0.753982 1.534041 1.064651 124.349613
24 1.082104 0.753982 1.533330 1.082104 122.444288
24 1.099557 0.753982 1.532615 1.099557 120.508782
24 1.117011 0.753982 1.531894 1.117011 118.541618
24 1.134464 0.753982 1.531165 1.134464 116.541195
24 1.151917 0.753982 1.530428 1.151917 114.505772
24 1.169371 0.753982 1.529681 1.169371 112.433451
24 1.186824 0.753982 1.528921 1.186824 110.322152
24 1.204277 0.753982 1.528146 1.204277 108.169598
24 1.221730 0.753982 1.527353 1.221730 105.973276
24 1.239184 0.753982 1.526538 1.239184 103.730408
24 1.256637 0.753982 1.525698 1.256637 101.437909
24 1.274090 0.753982 1.524828 1.274090 99.092339
24 1.291544 0.753982 1.523921 1.291544 96.689836
24 1.308997 0.753982 1.522971 1.308997 94.226050
25 0.000000 0.785398 1.570796 0.000000 210.038092
25 0.017453 0.785398 1.570456 0.017453 208.917805
25 0.034907 0.785398 1.570101 0.034907 207.791476
25 0.052360 0.785398 1.569732 0.052360 206.659005
25 0.069813 0.785398 1.569347 0.069813 205.520290
25 0.087266 0.785398 1.568948 0.087266 204.375223
25 0.104720 0.785398 1.568535 0.104720 203.223696
25 0.122173 0.785398 1.568108 0.122173 202.065597
25 0.139626 0.785398 1.567667 0.139626 200.900810
25 0.157080 0.785398 1.567212 0.157080 199.729217
25 0.174533 0.785398 1.566744 0.174533 198.550696
25 0.191986 0.785398 1.566262 0.191986 197.365121
25 0.209440 0.785398 1.565768 0.209440 196.172362
25 0.226893 0.785398 1.565261 0.226893 194.972287
25 0.244346 0.785398 1.564742 0.244346 193.764757
25 0.261799 0.785398 1.564211 0.261799 192.549630
25 0.279253 0.785398 1.563668 0.279253 191.326761
25 0.296706 0.785398 1.563114 0.296706 190.095998
25 0.314159 0.785398 1.562549 0.314159 188.857186
25 0.331613 0.785398 1.561973 0.331613 187.610163
25 0.349066 0.785398 1.561387 0.349066 186.354764
25 0.366519 0.785398 1.560790 0.366519 185.090816
25 0.383972 0.785398 1.560184 0.383972 183.818142
25 0.401426 0.785398 1.559569 0.401426 182.536557
25 0.418879 0.785398 1.558945 0.418879 181.245873
25 0.436332 0.785398 1.558312 0.436332 179.945890
25 0.453786 0.785398 1.557670 0.453786 178.636406
25 0.471239 0.785398 1.557021 0.471239 177.317208
25 0.488692 0.785398 1.556365 0.488692 175.988077
25 0.506145 0.785398 1.555701 0.506145 174.648785
25 0.523599 0.785398 1.555031 0.523599 173.299095
25 0.541052 0.785398 1.554354 0.541052 171.938762
25 0.558505 0.785398 1.553671 0.558505 170.567529
25 0.575959 0.785398 1.552983 0.575959 169.185132
25 0.593412 0.785398 1.552289 0.593412 167.791292
25 0.610865 0.785398 1.551591 0.610865 166.385722
25 0.628319 0.785398 1.550888 0.628319 164.968121
25 0.645772 0.785398 1.550180 0.645772 163.538176
25 0.663225 0.785398 1.549469 0.663225 162.095558
25 0.680678 0.785398 1.548755 0.680678 160.639928
25 0.698132 0.785398 1.548037 0.698132 159.170926
25 0.715585 0.785398 1.547316 0.715585 157.688178
25 0.733038 0.785398 1.546593 0.733038 156.191294
25 0.750492 0.785398 1.545867 0.750492 154.679862
25 0.767945 0.785398 1.545140 0.767945 153.153451
25 0.785398 0.785398 1.544410 0.785398 151.611609
25 0.802851 0.785398 1.543679 0.802851 150.053860
25 0.820305 0.785398 1.542946 0.820305 148.479704
25 0.837758 0.785398 1.542212 0.837758 146.888612
25 0.855211 0.785398 1.541477 0.855211 145.280029
25 0.872665 0.785398 1.540741 0.872665 143.653368
25 0.890118 0.785398 1.540004 0.890118 142.008008
25 0.907571 0.785398 1.539265 0.907571 140.343291
25 0.925025 0.785398 1.538526 0.925025 138.658521
25 0.942478 0.785398 1.537785 0.942478 136.952959
25 0.959931 0.785398 1.537043 0.959931 135.225818
25 0.977384 0.785398 1.536300 0.977384 133.476261
25 0.994838 0.785398 1.535554 0.994838 131.703397
25 1.012291 0.785398 1.534806 1.012291 129.906271
25 1.029744 0.785398 1.534056 1.029744 128.083865
25 1.047198 0.785398 1.533302 1.047198 126.235084
25 1.064651 0.785398 1.532543 1.064651 124.358753
25 1.082104 0.785398 1.531780 1.082104 122.453607
25 1.099557 0.785398 1.531011 1.099557 120.518282
25 1.117011 0.785398 1.530234 1.117011 118.551300
25 1.134464 0.785398 1.529449 1.134464 116.551062
25 1.151917 0.785398 1.528654 1.151917 114.515826
25 1.169371 0.785398 1.527846 1.169371 112.443693
25 1.186824 0.785398 1.527024 1.186824 110.332588
25 1.204277 0.785398 1.526184 1.204277 108.180230
25 1.221730 0.785398 1.525324 1.221730 105.984109
25 1.239184 0.785398 1.524440 1.239184 103.741447
25 1.256637 0.785398 1.523527 1.256637 101.449162
25 1.274090 0.785398 1.522581 1.274090 99.103813
25 1.291544 0.785398 1.521595 1.291544 96.701541
25 1.308997 0.785398 1.520561 1.308997 94.237997
26 0.000000 0.816814 1.570796 0.000000 210.038092
26 0.017453 0.816814 1.570456 0.017453 208.917893
26 0.034907 0.816814 1.570100 0.034907 207.791656
26 0.052360 0.816814 1.569728 0.052360 206.659282
26 0.069813 0.816814 1.569341 0.069813 205.520667
26 0.087266 0.816814 1.568939 0.087266 204.375704
26 0.104720 0.816814 1.568521 0.104720 203.224285
26 0.122173 0.816814 1.568089 0.122173 202.066297
26 0.139626 0.816814 1.567642 0.139626 200.901626
26 0.157080 0.816814 1.567180 0.157080 199.730152
26 0.174533 0.816814 1.566704 0.174533 198.551753
26 0.191986 0.816814 1.566214 0.191986 197.366304
26 0.209440 0.816814 1.565711 0.209440 196.173675
26 0.226893 0.816814 1.565194 0.226893 194.973732
26 0.244346 0.816814 1.564664 0.244346 193.766338
26 0.261799 0.816814 1.564121 0.261799 192.551351
26 0.279253 0.816814 1.563565 0.279253 191.328624
26 0.296706 0.816814 1.562998 0.296706 190.098007
26 0.314159 0.816814 1.562418 0.314159 188.859343
26 0.331613 0.816814 1.561827 0.331613 187.612472
26 0.349066 0.816814 1.561224 0.349066 186.357227
26 0.366519 0.816814 1.560610 0.366519 185.093436
26 0.383972 0.816814 1.559986 0.383972 183.820922
26 0.401426 0.816814 1.559352 0.401426 182.539500
26 0.418879 0.816814 1.558708 0.418879 181.248980
26 0.436332 0.816814 1.558054 0.436332 179.949164
26 0.453786 0.816814 1.557391 0.453786 178.639849
26 0.471239 0.816814 1.556720 0.471239 177.320823
26 0.488692 0.816814 1.556040 0.488692 175.991865
26 0.506145 0.816814 1.555352 0.506145 174.652748
26 0.523599 0.816814 1.554657 0.523599 173.303236
26 0.541052 0.816814 1.553954 0.541052 171.943081
26 0.558505 0.816814 1.553244 0.558505 170.572030
26 0.575959 0.816814 1.552528 0.575959 169.189814
26 0.593412 0.816814 1.551806 0.593412 167.796158
26 0.610865 0.816814 1.551078 0.610865 166.390773
26 0.628319 0.816814 1.550345 0.628319 164.973359
26 0.645772 0.816814 1.549606 0.645772 163.543601
26 0.663225 0.816814 1.548863 0.663225 162.101172
26 0.680678 0.816814 1.548115 0.680678 160.645731
26 0.698132 0.816814 1.547364 0.698132 159.176920
26 0.715585 0.816814 1.546609 0.715585 157.694364
26 0.733038 0.816814 1.545850 0.733038 156.197672
26 0.750492 0.816814 1.545088 0.750492 154.686433
26 0.767945 0.816814 1.544323 0.767945 153.160216
26 0.785398 0.816814 1.543555 0.785398 151.618568
26 0.802851 0.816814 1.542785 0.802851 150.061014
26 0.820305 0.816814 1.542012 0.820305 148.487053
26 0.837758 0.816814 1.541237 0.837758 146.896157
26 0.855211 0.816814 1.540461 0.855211 145.287771
26 0.872665 0.816814 1.539682 0.872665 143.661306
26 0.890118 0.816814 1.538901 0.890118 142.016143
26 0.907571 0.816814 1.538118 0.907571 140.351623
26 0.925025 0.816814 1.537333 0.925025 138.667051
26 0.942478 0.816814 1.536546 0.942478 136.961686
26 0.959931 0.816814 1.535757 0.959931 135.234744
26 0.977384 0.816814 1.534965 0.977384 133.485387
26 0.994838 0.816814 1.534170 0.994838 131.712722
26 1.012291 0.816814 1.533371 1.012291 129.915797
26 1.029744 0.816814 1.532568 1.029744 128.093593
26 1.047198 0.816814 1.531761 1.047198 126.245014
26 1.064651 0.816814 1.530949 1.064651 124.368887
26 1.082104 0.816814 1.530130 1.082104 122.463946
26 1.099557 0.816814 1.529303 1.099557 120.528828
26 1.117011 0.816814 1.528468 1.117011 118.562055
26 1.134464 0.816814 1.527622 1.134464 116.562028
26 1.151917 0.816814 1.526765 1.151917 114.527006
26 1.169371 0.816814 1.525893 1.169371 112.455091
26 1.186824 0.816814 1.525004 1.186824 110.344208
26 1.204277 0.816814 1.524096 1.204277 108.192076
26 1.221730 0.816814 1.523165 1.221730 105.996188
26 1.239184 0.816814 1.522206 1.239184 103.753765
26 1.256637 0.816814 1.521217 1.256637 101.461727
26 1.274090 0.816814 1.520189 1.274090 99.116633
26 1.291544 0.816814 1.519118 1.291544 96.714628
26 1.308997 0.816814 1.517996 1.308997 94.251363
27 0.000000 0.848230 1.570796 0.000000 210.038092
27 0.017453 0.848230 1.570456 0.017453 208.917987
27 0.034907 0.848230 1.570098 0.034907 207.791850
27 0.052360 0.848230 1.569725 0.052360 206.659579
27 0.069813 0.848230 1.569335 0.069813 205.521071
27 0.087266 0.848230 1.568928 0.087266 204.376221
27 0.104720 0.848230 1.568506 0.104720 203.224918
27 0.122173 0.848230 1.568068 0.122173 202.067051
27 0.139626 0.848230 1.567615 0.139626 200.902505
27 0.157080 0.848230 1.567146 0.157080 199.731160
27 0.174533 0.848230 1.566662 0.174533 198.552895
27 0.191986 0.848230 1.566163 0.191986 197.367583
27 0.209440 0.848230 1.565650 0.209440 196.175095
27 0.226893 0.848230 1.565122 0.226893 194.975297
27 0.244346 0.848230 1.564580 0.244346 193.768052
27 0.261799 0.848230 1.564024 0.261799 192.553217
27 0.279253 0.848230 1.563455 0.279253 191.330646
27 0.296706 0.848230 1.562873 0.296706 190.100189
27 0.314159 0.848230 1.562278 0.314159 188.861688
27 0.331613 0.848230 1.561670 0.331613 187.614983
27 0.349066 0.848230 1.561050 0.349066 186.359908
27 0.366519 0.848230 1.560418 0.366519 185.096290
27 0.383972 0.848230 1.559775 0.383972 183.823951
27 0.401426 0.848230 1.559120 0.401426 182.542708
27 0.418879 0.848230 1.558455 0.418879 181.252370
27 0.436332 0.848230 1.557779 0.436332 179.952739
27 0.453786 0.848230 1.557093 0.453786 178.643611
27 0.471239 0.848230 1.556398 0.471239 177.324774
27 0.488692 0.848230 1.555693 0.488692 175.996009
27 0.506145 0.848230 1.554979 0.506145 174.657086
27 0.523599 0.848230 1.554257 0.523599 173.307771
27 0.541052 0.848230 1.553526 0.541052 171.947815
27 0.558505 0.848230 1.552788 0.558505 170.576964
27 0.575959 0.848230 1.552042 0.575959 169.194951
27 0.593412 0.848230 1.551289 0.593412 167.801500
27 0.610865 0.848230 1.550530 0.610865 166.396322
27 0.628319 0.848230 1.549764 0.628319 164.979115
27 0.645772 0.848230 1.548992 0.645772 163.549567
27 0.663225 0.848230 1.548215 0.663225 162.107349
27 0.680678 0.848230 1.547432 0.680678 160.652121
27 0.698132 0.848230 1.546644 0.698132 159.183523
27 0.715585 0.848230 1.545852 0.715585 157.701182
27 0.733038 0.848230 1.545055 0.733038 156.204706
27 0.750492 0.848230 1.544254 0.750492 154.693683
27 0.767945 0.848230 1.543449 0.767945 153.167684
27 0.785398 0.848230 1.542641 0.785398 151.626255
27 0.802851 0.848230 1.541829 0.802851 150.068920
27 0.820305 0.848230 1.541014 0.820305 148.495179
27 0.837758 0.848230 1.540195 0.837758 146.904504
27 0.855211 0.848230 1.539374 0.855211 145.296339
27 0.872665 0.848230 1.538550 0.872665 143.670097
27 0.890118 0.848230 1.537722 0.890118 142.025157
27 0.907571 0.848230 1.536892 0.907571 140.360861
27 0.925025 0.848230 1.536058 0.925025 138.676513
27 0.942478 0.848230 1.535222 0.942478 136.971374
27 0.959931 0.848230 1.534381 0.959931 135.244658
27 0.977384 0.848230 1.533537 0.977384 133.495527
27 0.994838 0.848230 1.532689 0.994838 131.723091
27 1.012291 0.848230 1.531837 1.012291 129.926395
27 1.029744 0.848230 1.530979 1.029744 128.104420
27 1.047198 0.848230 1.530115 1.047198 126.256073
27 1.064651 0.848230 1.529244 1.064651 124.380179
27 1.082104 0.848230 1.528365 1.082104 122.475474
27 1.099557 0.848230 1.527478 1.099557 120.540593
27 1.117011 0.848230 1.526580 1.117011 118.574061
27 1.134464 0.848230 1.525669 1.134464 116.574278
27 1.151917 0.848230 1.524745 1.151917 114.539503
27 1.169371 0.848230 1.523805 1.169371 112.467839
27 1.186824 0.848230 1.522845 1.186824 110.357212
27 1.204277 0.848230 1.521863 1.204277 108.205343
27 1.221730 0.848230 1.520856 1.221730 106.009722
27 1.239184 0.848230 1.519819 1.239184 103.767577
27 1.256637 0.848230 1.518746 1.256637 101.475824
27 1.274090 0.848230 1.517633 1.274090 99.131027
27 1.291544 0.848230 1.516471 1.291544 96.729331
27 1.308997 0.848230 1.515253 1.308997 94.266391
28 0.000000 0.879646 1.570796 0.000000 210.038092
28 0.017453 0.879646 1.570455 0.017453 208.918089
28 0.034907 0.879646 1.570097 0.034907 207.792058
28 0.052360 0.879646 1.569721 0.052360 206.659899
28 0.069813 0.879646 1.569328 0.069813 205.521508
28 0.087266 0.879646 1.568917 0.087266 204.376779
28 0.104720 0.879646 1.568490 0.104720 203.225603
28 0.122173 0.879646 1.568046 0.122173 202.067868
28 0.139626 0.879646 1.567586 0.139626 200.903458
28 0.157080 0.879646 1.567110 0.157080 199.732254
28 0.174533 0.879646 1.566617 0.174533 198.554134
28 0.191986 0.879646 1.566108 0.191986 197.368972
28 0.209440 0.879646 1.565584 0.209440 196.176639
28 0.226893 0.879646 1.565045 0.226893 194.977000
28 0.244346 0.879646 1.564490 0.244346 193.769918
28 0.261799 0.879646 1.563921 0.261799 192.555251
28 0.279253 0.879646 1.563337 0.279253 191.332852
28 0.296706 0.879646 1.562739 0.296706 190.102570
28 0.314159 0.879646 1.562127 0.314159 188.864250
28 0.331613 0.879646 1.561502 0.331613 187.617729
28 0.349066 0.879646 1.560863 0.349066 186.362841
28 0.366519 0.879646 1.560211 0.366519 185.099414
28 0.383972 0.879646 1.559547 0.383972 183.827270
28 0.401426 0.879646 1.558871 0.401426 182.546225
28 0.418879 0.879646 1.558183 0.418879 181.256089
28 0.436332 0.879646 1.557483 0.436332 179.956663
28 0.453786 0.879646 1.556773 0.453786 178.647743
28 0.471239 0.879646 1.556051 0.471239 177.329117
28 0.488692 0.879646 1.555320 0.488692 176.000566
28 0.506145 0.879646 1.554578 0.506145 174.661860
28 0.523599 0.879646 1.553827 0.523599 173.312764
28 0.541052 0.879646 1.553067 0.541052 171.953031
28 0.558505 0.879646 1.552298 0.558505 170.582404
28 0.575959 0.879646 1.551520 0.575959 169.200619
28 0.593412 0.879646 1.550734 0.593412 167.807397
28 0.610865 0.879646 1.549941 0.610865 166.402449
28 0.628319 0.879646 1.549140 0.628319 164.985476
28 0.645772 0.879646 1.548333 0.645772 163.556163
28 0.663225 0.879646 1.547519 0.663225 162.114183
28 0.680678 0.879646 1.546698 0.680678 160.659193
28 0.698132 0.879646 1.545872 0.698132 159.190836
28 0.715585 0.879646 1.545039 0.715585 157.708737
28 0.733038 0.879646 1.544202 0.733038 156.212504
28 0.750492 0.879646 1.543359 0.750492 154.701727
28 0.767945 0.879646 1.542511 0.767945 153.175974
28 0.785398 0.879646 1.541659 0.785398 151.634792
28 0.802851 0.879646 1.540802 0.802851 150.077706
28 0.820305 0.879646 1.539941 0.820305 148.504214
28 0.837758 0.879646 1.539076 0.837758 146.913790
28 0.855211 0.879646 1.538207 0.855211 145.305877
28 0.872665 0.879646 1.537334 0.872665 143.679888
28 0.890118 0.879646 1.536456 0.890118 142.035202
28 0.907571 0.879646 1.535575 0.907571 140.371161
28 0.925025 0.879646 1.534689 0.925025 138.687069
28 0.942478 0.879646 1.533799 0.942478 136.982187
28 0.959931 0.879646 1.532905 0.959931 135.255729
28 0.977384 0.879646 1.532005 0.977384 133.506858
28 0.994838 0.879646 1.531100 0.994838 131.734683
28 1.012291 0.879646 1.530189 1.012291 129.938250
28 1.029744 0.879646 1.529272 1.029744 128.116539
28 1.047198 0.879646 1.528347 1.047198 126.268459
28 1.064651 0.879646 1.527414 1.064651 124.392833
28 1.082104 0.879646 1.526471 1.082104 122.488400
28 1.099557 0.879646 1.525518 1.099557 120.553793
28 1.117011 0.879646 1.524552 1.117011 118.587538
28 1.134464 0.879646 1.523573 1.134464 116.588036
28 1.151917 0.879646 1.522577 1.151917 114.553547
28 1.169371 0.879646 1.521563 1.169371 112.482174
28 1.186824 0.879646 1.520527 1.186824 110.371844
28 1.204277 0.879646 1.519467 1.204277 108.220278
28 1.221730 0.879646 1.518378 1.221730 106.024970
28 1.239184 0.879646 1.517255 1.239184 103.783146
28 1.256637 0.879646 1.516094 1.256637 101.491726
28 1.274090 0.879646 1.514888 1.274090 99.147274
28 1.291544 0.879646 1.513629 1.291544 96.745938
28 1.308997 0.879646 1.512309 1.308997 94.283376
29 0.000000 0.911062 1.570796 0.000000 210.038092
29 0.017453 0.911062 1.570455 0.017453 208.918199
29 0.034907 0.911062 1.570095 0.034907 207.792284
29 0.052360 0.911062 1.569716 0.052360 206.660246
29 0.069813 0.911062 1.569320 0.069813 205.521982
29 0.087266 0.911062 1.568905 0.087266 204.377385
29 0.104720 0.911062 1.568473 0.104720 203.226348
29 0.122173 0.911062 1.568023 0.122173 202.068756
29 0.139626 0.911062 1.567555 0.139626 200.904495
29 0.157080 0.911062 1.567070 0.157080 199.733446
29 0.174533 0.911062 1.566568 0.174533 198.555486
29 0.191986 0.911062 1.566049 0.191986 197.370489
29 0.209440 0.911062 1.565513 0.209440 196.178326
29 0.226893 0.911062 1.564961 0.226893 194.978863
29 0.244346 0.911062 1.564393 0.244346 193.771962
29 0.261799 0.911062 1.563809 0.261799 192.557480
29 0.279253 0.911062 1.563209 0.279253 191.335271
29 0.296706 0.911062 1.562594 0.296706 190.105185
29 0.314159 0.911062 1.561965 0.314159 188.867064
29 0.331613 0.911062 1.561320 0.331613 187.620747
29 0.349066 0.911062 1.560661 0.349066 186.366068
29 0.366519 0.911062 1.559988 0.366519 185.102854
29 0.383972 0.911062 1.559302 0.383972 183.830927
29 0.401426 0.911062 1.558602 0.401426 182.550104
29 0.418879 0.911062 1.557890 0.418879 181.260192
29 0.436332 0.911062 1.557165 0.436332 179.960995
29 0.453786 0.911062 1.556427 0.453786 178.652308
29 0.471239 0.911062 1.555678 0.471239 177.333919
29 0.488692 0.911062 1.554917 0.488692 176.005607
29 0.506145 0.911062 1.554146 0.506145 174.667145
29 0.523599 0.911062 1.553364 0.523599 173.318296
29 0.541052 0.911062 1.552571 0.541052 171.958812
29 0.558505 0.911062 1.551769 0.558505 170.588438
29 0.575959 0.911062 1.550957 0.575959 169.206908
29 0.593412 0.911062 1.550136 0.593412 167.813944
29 0.610865 0.911062 1.549306 0.610865 166.409258
29 0.628319 0.911062 1.548468 0.628319 164.992548
29 0.645772 0.911062 1.547622 0.645772 163.563501
29 0.663225 0.911062 1.546768 0.663225 162.121789
29 0.680678 0.911062 1.545906 0.680678 160.667070
29 0.698132 0.911062 1.545038 0.698132 159.198985
29 0.715585 0.911062 1.544163 0.715585 157.717161
29 0.733038 0.911062 1.543281 0.733038 156.221204
29 0.750492 0.911062 1.542393 0.750492 154.710705
29 0.767945 0.911062 1.541500 0.767945 153.185231
29 0.785398 0.911062 1.540600 0.785398 151.644331
29 0.802851 0.911062 1.539695 0.802851 150.087528
29 0.820305 0.911062 1.538785 0.820305 148.514322
29 0.837758 0.911062 1.537869 0.837758 146.924184
29 0.855211 0.911062 1.536948 0.855211 145.316559
29 0.872665 0.911062 1.536022 0.872665 143.690859
29 0.890118 0.911062 1.535091 0.890118 142.046463
29 0.907571 0.911062 1.534154 0.907571 140.382714
29 0.925025 0.911062 1.533213 0.925025 138.698916
29 0.942478 0.911062 1.532265 0.942478 136.994329
29 0.959931 0.911062 1.531312 0.959931 135.268168
29 0.977384 0.911062 1.530352 0.977384 133.519596
29 0.994838 0.911062 1.529386 0.994838 131.747721
29 1.012291 0.911062 1.528412 1.012291 129.951591
29 1.029744 0.911062 1.527430 1.029744 128.130186
29 1.047198 0.911062 1.526440 1.047198 126.282413
29 1.064651 0.911062 1.525439 1.064651 124.407098
29 1.082104 0.911062 1.524428 1.082104 122.502978
29 1.099557 0.911062 1.523403 1.099557 120.568689
29 1.117011 0.911062 1.522365 1.117011 118.602756
29 1.134464 0.911062 1.521311 1.134464 116.603581
29 1.151917 0.911062 1.520238 1.151917 114.569424
29 1.169371 0.911062 1.519145 1.169371 112.498390
29 1.186824 0.911062 1.518027 1.186824 110.388405
29 1.204277 0.911062 1.516882 1.204277 108.237194
29 1.221730 0.911062 1.515704 1.221730 106.042250
29 1.239184 0.911062 1.514491 1.239184 103.800800
29 1.256637 0.911062 1.513234 1.256637 101.509768
29 1.274090 0.911062 1.511928 1.274090 99.165720
29 1.291544 0.911062 1.510564 1.291544 96.764805
29 1.308997 0.911062 1.509133 1.308997 94.302684
30 0.000000 0.942478 1.570796 0.000000 210.038092
30 0.017453 0.942478 1.570454 0.017453 208.918318
30 0.034907 0.942478 1.570093 0.034907 207.792529
30 0.052360 0.942478 1.569712 0.052360 206.660623
30 0.069813 0.942478 1.569312 0.069813 205.522498
30 0.087266 0.942478 1.568892 0.087266 204.378047
30 0.104720 0.942478 1.568454 0.104720 203.227161
30 0.122173 0.942478 1.567997 0.122173 202.069728
30 0.139626 0.942478 1.567522 0.139626 200.905631
30 0.157080 0.942478 1.567028 0.157080 199.734753
30 0.174533 0.942478 1.566515 0.174533 198.556970
30 0.191986 0.942478 1.565985 0.191986 197.372156
30 0.209440 0.942478 1.565437 0.209440 196.180182
30 0.226893 0.942478 1.564871 0.226893 194.980914
30 0.244346 0.942478 1.564288 0.244346 193.774213
30 0.261799 0.942478 1.563688 0.261799 192.559938
30 0.279253 0.942478 1.563071 0.279253 191.337942
30 0.296706 0.942478 1.562438 0.296706 190.108073
30 0.314159 0.942478 1.561788 0.314159 188.870175
30 0.331613 0.942478 1.561123 0.331613 187.624086
30 0.349066 0.942478 1.560443 0.349066 186.369641
30 0.366519 0.942478 1.559747 0.366519 185.106665
30 0.383972 0.942478 1.559036 0.383972 183.834982
30 0.401426 0.942478 1.558311 0.401426 182.554407
30 0.418879 0.942478 1.557572 0.418879 181.264749
30 0.436332 0.942478 1.556819 0.436332 179.965809
30 0.453786 0.942478 1.556052 0.453786 178.657385
30 0.471239 0.942478 1.555273 0.471239 177.339262
30 0.488692 0.942478 1.554481 0.488692 176.011221
30 0.506145 0.942478 1.553677 0.506145 174.673034
30 0.523599 0.942478 1.552861 0.523599 173.324463
30 0.541052 0.942478 1.552034 0.541052 171.965262
30 0.558505 0.942478 1.551195 0.558505 170.595174
30 0.575959 0.942478 1.550346 0.575959 169.213933
30 0.593412 0.942478 1.549487 0.593412 167.821263
30 0.610865 0.942478 1.548617 0.610865 166.416873
30 0.628319 0.942478 1.547738 0.628319 165.000462
30 0.645772 0.942478 1.546850 0.645772 163.571718
30 0.663225 0.942478 1.545953 0.663225 162.130311
30 0.680678 0.942478 1.545048 0.680678 160.675899
30 0.698132 0.942478 1.544134 0.698132 159.208125
30 0.715585 0.942478 1.543212 0.715585 157.726614
30 0.733038 0.942478 1.542283 0.733038 156.230973
30 0.750492 0.942478 1.541346 0.750492 154.720792
30 0.767945 0.942478 1.540403 0.767945 153.195639
30 0.785398 0.942478 1.539452 0.785398 151.655061
30 0.802851 0.942478 1.538494 0.802851 150.098583
30 0.820305 0.942478 1.537531 0.820305 148.525703
30 0.837758 0.942478 1.536560 0.837758 146.935894
30 0.855211 0.942478 1.535583 0.855211 145.328599
30 0.872665 0.942478 1.534600 0.872665 143.703232
30 0.890118 0.942478 1.533610 0.890118 142.059171
30 0.907571 0.942478 1.532614 0.907571 140.395759
30 0.925025 0.942478 1.531611 0.925025 138.712300
30 0.942478 0.942478 1.530602 0.942478 137.008054
30 0.959931 0.942478 1.529585 0.959931 135.282236
30 0.977384 0.942478 1.528560 0.977384 133.534010
30 0.994838 0.942478 1.527527 0.994838 131.762483
30 1.012291 0.942478 1.526485 1.012291 129.966704
30 1.029744 0.942478 1.525434 1.029744 128.145653
30 1.047198 0.942478 1.524372 1.047198 126.298238
30 1.064651 0.942478 1.523299 1.064651 124.423284
30 1.082104 0.942478 1.522212 1.082104 122.519530
30 1.099557 0.942478 1.521111 1.099557 120.585611
30 1.117011 0.942478 1.519994 1.117011 118.620053
30 1.134464 0.942478 1.518859 1.134464 116.621259
30 1.151917 0.942478 1.517703 1.151917 114.587490
30 1.169371 0.942478 1.516523 1.169371 112.516852
30 1.186824 0.942478 1.515316 1.186824 110.407272
30 1.204277 0.942478 1.514079 1.204277 108.256476
30 1.221730 0.942478 1.512806 1.221730 106.061958
30 1.239184 0.942478 1.511493 1.239184 103.820949
30 1.256637 0.942478 1.510133 1.256637 101.530373
30 1.274090 0.942478 1.508719 1.274090 99.186798
30 1.291544 0.942478 1.507242 1.291544 96.786377
30 1.308997 0.942478 1.505691 1.308997 94.324775
31 0.000000 0.973894 1.570796 0.000000 210.038092
31 0.017453 0.973894 1.570454 0.017453 208.918448
31 0.034907 0.973894 1.570090 0.034907 207.792797
31 0.052360 0.973894 1.569707 0.052360 206.661037
31 0.069813 0.973894 1.569303 0.069813 205.523064
31 0.087266 0.973894 1.568878 0.087266 204.378774
31 0.104720 0.973894 1.568434 0.104720 203.228056
31 0.122173 0.973894 1.567969 0.122173 202.070797
31 0.139626 0.973894 1.567485 0.139626 200.906884
31 0.157080 0.973894 1.566981 0.157080 199.736195
31 0.174533 0.973894 1.566457 0.174533 198.558609
31 0.191986 0.973894 1.565915 0.191986 197.373999
31 0.209440 0.973894 1.565353 0.209440 196.182236
31 0.226893 0.973894 1.564772 0.226893 194.983186
31 0.244346 0.973894 1.564173 0.244346 193.776710
31 0.261799 0.973894 1.563556 0.261799 192.562666
31 0.279253 0.973894 1.562920 0.279253 191.340908
31 0.296706 0.973894 1.562267 0.296706 190.111284
31 0.314159 0.973894 1.561596 0.314159 188.873637
31 0.331613 0.973894 1.560909 0.331613 187.627806
31 0.349066 0.973894 1.560204 0.349066 186.373623
31 0.366519 0.973894 1.559483 0.366519 185.110918
31 0.383972 0.973894 1.558746 0.383972 183.839510
31 0.401426 0.973894 1.557993 0.401426 182.559216
31 0.418879 0.973894 1.557225 0.418879 181.269844
31 0.436332 0.973894 1.556442 0.436332 179.971197
31 0.453786 0.973894 1.555644 0.453786 178.663069
31 0.471239 0.973894 1.554832 0.471239 177.345249
31 0.488692 0.973894 1.554006 0.488692 176.017516
31 0.506145 0.973894 1.553166 0.506145 174.679641
31 0.523599 0.973894 1.552313 0.523599 173.331387
31 0.541052 0.973894 1.551448 0.541052 171.972508
31 0.558505 0.973894 1.550570 0.558505 170.602746
31 0.575959 0.973894 1.549680 0.575959 169.221836
31 0.593412 0.973894 1.548779 0.593412 167.829500
31 0.610865 0.973894 1.547867 0.610865 166.425449
31 0.628319 0.973894 1.546943 0.628319 165.009381
31 0.645772 0.973894 1.546009 0.645772 163.580983
31 0.663225 0.973894 1.545065 0.663225 162.139926
31 0.680678 0.973894 1.544112 0.680678 160.685868
31 0.698132 0.973894 1.543148 0.698132 159.218451
31 0.715585 0.973894 1.542176 0.715585 157.737299
31 0.733038 0.973894 1.541195 0.733038 156.242022
31 0.750492 0.973894 1.540205 0.750492 154.732207
31 0.767945 0.973894 1.539207 0.767945 153.207423
31 0.785398 0.973894 1.538200 0.785398 151.667217
31 0.802851 0.973894 1.537186 0.802851 150.111113
31 0.820305 0.973894 1.536163 0.820305 148.538611
31 0.837758 0.973894 1.535133 0.837758 146.949182
31 0.855211 0.973894 1.534095 0.855211 145.342270
31 0.872665 0.973894 1.533050 0.872665 143.717289
31 0.890118 0.973894 1.531996 0.890118 142.073616
31 0.907571 0.973894 1.530935 0.907571 140.410595
31 0.925025 0.973894 1.529866 0.925025 138.727529
31 0.942478 0.973894 1.528788 0.942478 137.023680
31 0.959931 0.973894 1.527702 0.959931 135.298262
31 0.977384 0.973894 1.526606 0.977384 133.550438
31 0.994838 0.973894 1.525501 0.994838 131.779318
31 1.012291 0.973894 1.524385 1.012291 129.983949
31 1.029744 0.973894 1.523258 1.029744 128.163312
31 1.047198 0.973894 1.522118 1.047198 126.316314
31 1.064651 0.973894 1.520965 1.064651 124.441784
31 1.082104 0.973894 1.519797 1.082104 122.538457
31 1.099557 0.973894 1.518613 1.099557 120.604972
31 1.117011 0.973894 1.517410 1.117011 118.639856
31 1.134464 0.973894 1.516186 1.134464 116.641509
31 1.151917 0.973894 1.514939 1.151917 114.608197
31 1.169371 0.973894 1.513665 1.169371 112.538024
31 1.186824 0.973894 1.512362 1.186824 110.428921
31 1.204277 0.973894 1.511024 1.204277 108.278614
31 1.221730 0.973894 1.509648 1.221730 106.084599
31 1.239184 0.973894 1.508226 1.239184 103.844109
31 1.256637 0.973894 1.506754 1.256637 101.554070
31 1.274090 0.973894 1.505222 1.274090 99.211054
31 1.291544 0.973894 1.503621 1.291544 96.811218
31 1.308997 0.973894 1.501939 1.308997 94.350229
32 0.000000 1.005310 1.570796 0.000000 210.038092
32 0.017453 1.005310 1.570453 0.017453 208.918591
32 0.034907 1.005310 1.570088 0.034907 207.793092
32 0.052360 1.005310 1.569701 0.052360 206.661492
32 0.069813 1.005310 1.569293 0.069813 205.523690
32 0.087266 1.005310 1.568863 0.087266 204.379577
32 0.104720 1.005310 1.568411 0.104720 203.229046
32 0.122173 1.005310 1.567939 0.122173 202.071983
32 0.139626 1.005310 1.567445 0.139626 200.908273
32 0.157080 1.005310 1.566930 0.157080 199.737797
32 0.174533 1.005310 1.566394 0.174533 198.560432
32 0.191986 1.005310 1.565838 0.191986 197.376052
32 0.209440 1.005310 1.565261 0.209440 196.184526
32 0.226893 1.005310 1.564664 0.226893 194.985721
32 0.244346 1.005310 1.564047 0.244346 193.779499
32 0.261799 1.005310 1.563411 0.261799 192.565717
32 0.279253 1.005310 1.562755 0.279253 191.344228
32 0.296706 1.005310 1.562080 0.296706 190.114881
32 0.314159 1.005310 1.561386 0.314159 188.877519
32 0.331613 1.005310 1.560673 0.331613 187.631979
32 0.349066 1.005310 1.559942 0.349066 186.378097
32 0.366519 1.005310 1.559194 0.366519 185.115697
32 0.383972 1.005310 1.558428 0.383972 183.844603
32 0.401426 1.005310 1.557645 0.401426 182.564629
32 0.418879 1.005310 1.556845 0.418879 181.275584
32 0.436332 1.005310 1.556028 0.436332 179.977271
32 0.453786 1.005310 1.555196 0.453786 178.669484
32 0.471239 1.005310 1.554347 0.471239 177.352010
32 0.488692 1.005310 1.553484 0.488692 176.024629
32 0.506145 1.005310 1.552605 0.506145 174.687112
32 0.523599 1.005310 1.551712 0.523599 173.339223
32 0.541052 1.005310 1.550805 0.541052 171.980713
32 0.558505 1.005310 1.549884 0.558505 170.611327
32 0.575959 1.005310 1.548950 0.575959 169.230797
32 0.593412 1.005310 1.548003 0.593412 167.838846
32 0.610865 1.005310 1.547043 0.610865 166.435186
32 0.628319 1.005310 1.546071 0.628319 165.019513
32 0.645772 1.005310 1.545087 0.645772 163.591515
32 0.663225 1.005310 1.544092 0.663225 162.150862
32 0.680678 1.005310 1.543085 0.680678 160.697213
32 0.698132 1.005310 1.542068 0.698132 159.230209
32 0.715585 1.005310 1.541040 0.715585 157.749474
32 0.733038 1.005310 1.540001 0.733038 156.254618
32 0.750492 1.005310 1.538953 0.750492 154.745228
32 0.767945 1.005310 1.537895 0.767945 153.220872
32 0.785398 1.005310 1.536827 0.785398 151.681099
32 0.802851 1.005310 1.535750 0.802851 150.125431
32 0.820305 1.005310 1.534664 0.820305 148.553369
32 0.837758 1.005310 1.533568 0.837758 146.964383
32 0.855211 1.005310 1.532463 0.855211 145.357918
32 0.872665 1.005310 1.531349 0.872665 143.733386
32 0.890118 1.005310 1.530226 0.890118 142.090167
32 0.907571 1.005310 1.529094 0.907571 140.427603
32 0.925025 1.005310 1.527951 0.925025 138.744998
32 0.942478 1.005310 1.526799 0.942478 137.041614
32 0.959931 1.005310 1.525637 0.959931 135.316664
32 0.977384 1.005310 1.524463 0.977384 133.569314
32 0.994838 1.005310 1.523279 0.994838 131.798671
32 1.012291 1.005310 1.522081 1.012291 130.003783
32 1.029744 1.005310 1.520871 1.029744 128.183633
32 1.047198 1.005310 1.519647 1.047198 126.337128
32 1.064651 1.005310 1.518406 1.064651 124.463096
32 1.082104 1.005310 1.517149 1.082104 122.560275
32 1.099557 1.005310 1.515873 1.099557 120.627303
32 1.117011 1.005310 1.514576 1.117011 118.662707
32 1.134464 1.005310 1.513255 1.134464 116.664890
32 1.151917 1.005310 1.511908 1.151917 114.632118
32 1.169371 1.005310 1.510532 1.169371 112.562497
32 1.186824 1.005310 1.509122 1.186824 110.453959
32 1.204277 1.005310 1.507675 1.204277 108.304231
32 1.221730 1.005310 1.506184 1.221730 106.110813
32 1.239184 1.005310 1.504645 1.239184 103.870939
32 1.256637 1.005310 1.503048 1.256637 101.581539
32 1.274090 1.005310 1.501387 1.274090 99.239188
32 1.291544 1.005310 1.499651 1.291544 96.840046
32 1.308997 1.005310 1.497826 1.308997 94.379787
33 0.000000 1.036726 1.570796 0.000000 210.038092
33 0.017453 1.036726 1.570452 0.017453 208.918750
33 0.034907 1.036726 1.570085 0.034907 207.793419
33 0.052360 1.036726 1.569695 0.052360 206.661998
33 0.069813 1.036726 1.569282 0.069813 205.524385
33 0.087266 1.036726 1.568846 0.087266 204.380472
33 0.104720 1.036726 1.568387 0.104720 203.230150
33 0.122173 1.036726 1.567905 0.122173 202.073307
33 0.139626 1.036726 1.567400 0.139626 200.909827
33 0.157080 1.036726 1.566873 0.157080 199.739591
33 0.174533 1.036726 1.566324 0.174533 198.562476
33 0.191986 1.036726 1.565753 0.191986 197.378355
33 0.209440 1.036726 1.565160 0.209440 196.187099
33 0.226893 1.036726 1.564545 0.226893 194.988574
33 0.244346 1.036726 1.563908 0.244346 193.782640
33 0.261799 1.036726 1.563251 0.261799 192.569156
33 0.279253 1.036726 1.562572 0.279253 191.347975
33 0.296706 1.036726 1.561873 0.296706 190.118944
33 0.314159 1.036726 1.561153 0.314159 188.881907
33 0.331613 1.036726 1.560413 0.331613 187.636702
33 0.349066 1.036726 1.559654 0.349066 186.383163
33 0.366519 1.036726 1.558875 0.366519 185.121115
33 0.383972 1.036726 1.558077 0.383972 183.850381
33 0.401426 1.036726 1.557260 0.401426 182.570776
33 0.418879 1.036726 1.556425 0.418879 181.282108
33 0.436332 1.036726 1.555572 0.436332 179.984179
33 0.453786 1.036726 1.554701 0.453786 178.676784
33 0.471239 1.036726 1.553813 0.471239 177.359710
33 0.488692 1.036726 1.552908 0.488692 176.032736
33 0.506145 1.036726 1.551986 0.506145 174.695634
33 0.523599 1.036726 1.551049 0.523599 173.348166
33 0.541052 1.036726 1.550096 0.541052 171.990084
33 0.558505 1.036726 1.549127 0.558505 170.621133
33 0.575959 1.036726 1.548144 0.575959 169.241045
33 0.593412 1.036726 1.547146 0.593412 167.849542
33 0.610865 1.036726 1.546134 0.610865 166.446336
33 0.628319 1.036726 1.545108 0.628319 165.031123
33 0.645772 1.036726 1.544069 0.645772 163.603591
33 0.663225 1.036726 1.543017 0.663225 162.163410
33 0.680678 1.036726 1.541952 0.680678 160.710237
33 0.698132 1.036726 1.540874 0.698132 159.243715
33 0.715585 1.036726 1.539785 0.715585 157.763468
33 0.733038 1.036726 1.538684 0.733038 156.269104
33 0.750492 1.036726 1.537571 0.750492 154.760212
33 0.767945 1.036726 1.536447 0.767945 153.236359
33 0.785398 1.036726 1.535312 0.785398 151.697092
33 0.802851 1.036726 1.534165 0.802851 150.141937
33 0.820305 1.036726 1.533008 0.820305 148.570390
33 0.837758 1.036726 1.531840 0.837758 146.981925
33 0.855211 1.036726 1.530662 0.855211 145.375986
33 0.872665 1.036726 1.529473 0.872665 143.751984
33 0.890118 1.036726 1.528272 0.890118 142.109300
33 0.907571 1.036726 1.527061 0.907571 140.447275
33 0.925025 1.036726 1.525838 0.925025 138.765215
33 0.942478 1.036726 1.524604 0.942478 137.062379
33 0.959931 1.036726 1.523358 0.959931 135.337984
33 0.977384 1.036726 1.522098 0.977384 133.591193
33 0.994838 1.036726 1.520826 0.994838 131.821115
33 1.012291 1.036726 1.519539 1.012291 130.026799
33 1.029744 1.036726 1.518237 1.029744 128.207227
33 1.047198 1.036726 1.516919 1.047198 126.361307
33 1.064651 1.036726 1.515582 1.064651 124.487868
33 1.082104 1.036726 1.514226 1.082104 122.585647
33 1.099557 1.036726 1.512849 1.099557 120.653285
33 1.117011 1.036726 1.511448 1.117011 118.689310
33 1.134464 1.036726 1.510021 1.134464 116.692125
33 1.151917 1.036726 1.508564 1.151917 114.659997
33 1.169371 1.036726 1.507074 1.169371 112.591036
33 1.186824 1.036726 1.505547 1.186824 110.483172
33 1.204277 1.036726 1.503979 1.204277 108.334138
33 1.221730 1.036726 1.502362 1.221730 106.141434
33 1.239184 1.036726 1.500692 1.239184 103.902298
33 1.256637 1.036726 1.498959 1.256637 101.613662
33 1.274090 1.036726 1.497156 1.274090 99.272107
33 1.291544 1.036726 1.495270 1.291544 96.873798
33 1.308997 1.036726 1.493288 1.308997 94.414413
34 0.000000 1.068142 1.570796 0.000000 210.038092
34 0.017453 1.068142 1.570452 0.017453 208.918926
34 0.034907 1.068142 1.570082 0.034907 207.793784
34 0.052360 1.068142 1.569688 0.052360 206.662564
34 0.069813 1.068142 1.569270 0.069813 205.525164
34 0.087266 1.068142 1.568827 0.087266 204.381476
34 0.104720 1.068142 1.568359 0.104720 203.231392
34 0.122173 1.068142 1.567867 0.122173 202.074798
34 0.139626 1.068142 1.567351 0.139626 200.911580
34 0.157080 1.068142 1.566811 0.157080 199.741617
34 0.174533 1.068142 1.566246 0.174533 198.564787
34 0.191986 1.068142 1.565658 0.191986 197.380963
34 0.209440 1.068142 1.565047 0.209440 196.190016
34 0.226893 1.068142 1.564412 0.226893 194.991811
34 0.244346 1.068142 1.563754 0.244346 193.786209
34 0.261799 1.068142 1.563072 0.261799 192.573068
34 0.279253 1.068142 1.562369 0.279253 191.352240
34 0.296706 1.068142 1.561642 0.296706 190.123575
34 0.314159 1.068142 1.560894 0.314159 188.886914
34 0.331613 1.068142 1.560124 0.331613 187.642096
34 0.349066 1.068142 1.559332 0.349066 186.388954
34 0.366519 1.068142 1.558520 0.366519 185.127314
34 0.383972 1.068142 1.557686 0.383972 183.856998
34 0.401426 1.068142 1.556832 0.401426 182.577821
34 0.418879 1.068142 1.555958 0.418879 181.289590
34 0.436332 1.068142 1.555064 0.436332 179.992109
34 0.453786 1.068142 1.554150 0.453786 178.685171
34 0.471239 1.068142 1.553218 0.471239 177.368563
34 0.488692 1.068142 1.552267 0.488692 176.042065
34 0.506145 1.068142 1.551298 0.506145 174.705447
34 0.523599 1.068142 1.550311 0.523599 173.358472
34 0.541052 1.068142 1.549307 0.541052 172.000892
34 0.558505 1.068142 1.548285 0.558505 170.632450
34 0.575959 1.068142 1.547247 0.575959 169.252880
34 0.593412 1.068142 1.546193 0.593412 167.861902
34 0.610865 1.068142 1.545123 0.610865 166.459229
34 0.628319 1.068142 1.544037 0.628319 165.044557
34 0.645772 1.068142 1.542937 0.645772 163.617572
34 0.663225 1.068142 1.541821 0.663225 162.177947
34 0.680678 1.068142 1.540691 0.680678 160.725336
34 0.698132 1.068142 1.539547 0.698132 159.259383
34 0.715585 1.068142 1.538390 0.715585 157.779712
34 0.733038 1.068142 1.537218 0.733038 156.285929
34 0.750492 1.068142 1.536034 0.750492 154.777625
34 0.767945 1.068142 1.534837 0.767945 153.254366
34 0.785398 1.068142 1.533626 0.785398 151.715701
34 0.802851 1.068142 1.532403 0.802851 150.161151
34 0.820305 1.068142 1.531168 0.820305 148.590217
34 0.837758 1.068142 1.529920 0.837758 147.002371
34 0.855211 1.068142 1.528659 0.855211 145.397055
34 0.872665 1.068142 1.527386 0.872665 143.773684
34 0.890118 1.068142 1.526100 0.890118 142.131636
34 0.907571 1.068142 1.524801 0.907571 140.470254
34 0.925025 1.068142 1.523489 0.925025 138.788842
34 0.942478 1.068142 1.522163 0.942478 137.086662
34 0.959931 1.068142 1.520824 0.959931 135.362928
34 0.977384 1.068142 1.519469 0.977384 133.616806
34 0.994838 1.068142 1.518099 0.994838 131.847404
34 1.012291 1.068142 1.516713 1.012291 130.053772
34 1.029744 1.068142 1.515309 1.029744 128.234892
34 1.047198 1.068142 1.513886 1.047198 126.389673
34 1.064651 1.068142 1.512442 1.064651 124.516945
34 1.082104 1.068142 1.510977 1.082104 122.615446
34 1.099557 1.068142 1.509487 1.099557 120.683817
34 1.117011 1.068142 1.507971 1.117011 118.720588
34 1.134464 1.068142 1.506425 1.134464 116.724163
34 1.151917 1.068142 1.504846 1.151917 114.692812
34 1.169371 1.068142 1.503230 1.169371 112.624644
34 1.186824 1.068142 1.501573 1.186824 110.517594
34 1.204277 1.068142 1.499870 1.204277 108.369396
34 1.221730 1.068142 1.498114 1.221730 106.177554
34 1.239184 1.068142 1.496299 1.239184 103.939308
34 1.256637 1.068142 1.494415 1.256637 101.651597
34 1.274090 1.068142 1.492453 1.274090 99.311004
34 1.291544 1.068142 1.490401 1.291544 96.913700
34 1.308997 1.068142 1.488245 1.308997 94.455372
35 0.000000 1.099557 1.570796 0.000000 210.038092
35 0.017453 1.099557 1.570451 0.017453 208.919124
35 0.034907 1.099557 1.570079 0.034907 207.794195
35 0.052360 1.099557 1.569681 0.052360 206.663203
35 0.069813 1.099557 1.569256 0.069813 205.526045
35 0.087266 1.099557 1.568805 0.087266 204.382614
35 0.104720 1.099557 1.568328 0.104720 203.232801
35 0.122173 1.099557 1.567825 0.122173 202.076493
35 0.139626 1.099557 1.567296 0.139626 200.913575
35 0.157080 1.099557 1.566740 0.157080 199.743927
35 0.174533 1.099557 1.566159 0.174533 198.567426
35 0.191986 1.099557 1.565553 0.191986 197.383945
35 0.209440 1.099557 1.564920 0.209440 196.193355
35 0.226893 1.099557 1.564263 0.226893 194.995521
35 0.244346 1.099557 1.563580 0.244346 193.790304
35 0.261799 1.099557 1.562873 0.261799 192.577562
35 0.279253 1.099557 1.562141 0.279253 191.357147
35 0.296706 1.099557 1.561384 0.296706 190.128907
35 0.314159 1.099557 1.560604 0.314159 188.892686
35 0.331613 1.099557 1.559800 0.331613 187.648320
35 0.349066 1.099557 1.558972 0.349066 186.395643
35 0.366519 1.099557 1.558122 0.366519 185.134481
35 0.383972 1.099557 1.557248 0.383972 183.864655
35 0.401426 1.099557 1.556352 0.401426 182.585980
35 0.418879 1.099557 1.555434 0.418879 181.298265
35 0.436332 1.099557 1.554494 0.436332 180.001310
35 0.453786 1.099557 1.553533 0.453786 178.694910
35 0.471239 1.099557 1.552551 0.471239 177.378852
35 0.488692 1.099557 1.551549 0.488692 176.052915
35 0.506145 1.099557 1.550526 0.506145 174.716869
35 0.523599 1.099557 1.549484 0.523599 173.370476
35 0.541052 1.099557 1.548422 0.541052 172.013490
35 0.558505 1.099557 1.547341 0.558505 170.645652
35 0.575959 1.099557 1.546242 0.575959 169.266695
35 0.593412 1.099557 1.545125 0.593412 167.876342
35 0.610865 1.099557 1.543990 0.610865 166.474301
35 0.628319 1.099557 1.542837 0.628319 165.060272
35 0.645772 1.099557 1.541667 0.645772 163.633939
35 0.663225 1.099557 1.540481 0.663225 162.194974
35 0.680678 1.099557 1.539279 0.680678 160.743034
35 0.698132 1.099557 1.538060 0.698132 159.277759
35 0.715585 1.099557 1.536826 0.715585 157.798774
35 0.733038 1.099557 1.535576 0.733038 156.305687
35 0.750492 1.099557 1.534311 0.750492 154.798085
35 0.767945 1.099557 1.533032 0.767945 153.275538
35 0.785398 1.099557 1.531737 0.785398 151.737591
35 0.802851 1.099557 1.530428 0.802851 150.183768
35 0.820305 1.099557 1.529105 0.820305 148.613569
35 0.837758 1.099557 1.527767 0.837758 147.026464
35 0.855211 1.099557 1.526414 0.855211 145.421899
35 0.872665 1.099557 1.525047 0.872665 143.799285
35 0.890118 1.099557 1.523665 0.890118 142.158003
35 0.907571 1.099557 1.522268 0.907571 140.497394
35 0.925025 1.099557 1.520856 0.925025 138.816764
35 0.942478 1.099557 1.519428 0.942478 137.115374
35 0.959931 1.099557 1.517984 0.959931 135.392439
35 0.977384 1.099557 1.516522 0.977384 133.647124
35 0.994838 1.099557 1.515043 0.994838 131.878540
35 1.012291 1.099557 1.513545 1.012291 130.085735
35 1.029744 1.099557 1.512027 1.029744 128.267693
35 1.047198 1.099557 1.510487 1.047198 126.423324
35 1.064651 1.099557 1.508924 1.064651 124.551457
35 1.082104 1.099557 1.507336 1.082104 122.650834
35 1.099557 1.099557 1.505720 1.099557 120.720095
35 1.117011 1.099557 1.504075 1.117011 118.757772
35 1.134464 1.099557 1.502396 1.134464 116.762272
35 1.151917 1.099557 1.500680 1.151917 114.731865
35 1.169371 1.099557 1.498923 1.169371 112.664663
35 1.186824 1.099557 1.497121 1.186824 110.558605
35 1.204277 1.099557 1.495267 1.204277 108.411426
35 1.221730 1.099557 1.493355 1.221730 106.220634
35 1.239184 1.099557 1.491377 1.239184 103.983475
35 1.256637 1.099557 1.489324 1.256637 101.696891
35 1.274090 1.099557 1.487185 1.274090 99.357472
35 1.291544 1.099557 1.484947 1.291544 96.961397
35 1.308997 1.099557 1.482595 1.308997 94.504358
36 0.000000 1.130973 1.570796 0.000000 210.038092
36 0.017453 1.130973 1.570450 0.017453 208.919349
36 0.034907 1.130973 1.570075 0.034907 207.794662
36 0.052360 1.130973 1.569672 0.052360 206.663931
36 0.069813 1.130973 1.569241 0.069813 205.527051
36 0.087266 1.130973 1.568781 0.087266 204.383916
36 0.104720 1.130973 1.568293 0.104720 203.234416
36 0.122173 1.130973 1.567777 0.122173 202.078440
36 0.139626 1.130973 1.567233 0.139626 200.915871
36 0.157080 1.130973 1.566661 0.157080 199.746589
36 0.174533 1.130973 1.566061 0.174533 198.570472
36 0.191986 1.130973 1.565433 0.191986 197.387393
36 0.209440 1.130973 1.564777 0.209440 196.197221
36 0.226893 1.130973 1.564094 0.226893 194.999823
36 0.244346 1.130973 1.563384 0.244346 193.795059
36 0.261799 1.130973 1.562647 0.261799 192.582786
36 0.279253 1.130973 1.561883 0.279253 191.362857
36 0.296706 1.130973 1.561092 0.296706 190.135120
36 0.314159 1.130973 1.560276 0.314159 188.899417
36 0.331613 1.130973 1.559433 0.331613 187.655587
36 0.349066 1.130973 1.558565 0.349066 186.403460
36 0.366519 1.130973 1.557671 0.366519 185.142865
36 0.383972 1.130973 1.556753 0.383972 183.873622
36 0.401426 1.130973 1.555809 0.401426 182.595545
36 0.418879 1.130973 1.554842 0.418879 181.308442
36 0.436332 1.130973 1.553850 0.436332 180.012115
36 0.453786 1.130973 1.552835 0.453786 178.706357
36 0.471239 1.130973 1.551797 0.471239 177.390955
36 0.488692 1.130973 1.550737 0.488692 176.065689
36 0.506145 1.130973 1.549653 0.506145 174.730327
36 0.523599 1.130973 1.548548 0.523599 173.384632
36 0.541052 1.130973 1.547422 0.541052 172.028357
36 0.558505 1.130973 1.546274 0.558505 170.661243
36 0.575959 1.130973 1.545105 0.575959 169.283023
36 0.593412 1.130973 1.543916 0.593412 167.893419
36 0.610865 1.130973 1.542708 0.610865 166.492140
36 0.628319 1.130973 1.541479 0.628319 165.078884
36 0.645772 1.130973 1.540232 0.645772 163.653337
36 0.663225 1.130973 1.538965 0.663225 162.215168
36 0.680678 1.130973 1.537681 0.680678 160.764035
36 0.698132 1.130973 1.536378 0.698132 159.299579
36 0.715585 1.130973 1.535057 0.715585 157.821425
36 0.733038 1.130973 1.533719 0.733038 156.329178
36 0.750492 1.130973 1.532363 0.750492 154.822428
36 0.767945 1.130973 1.530990 0.767945 153.300742
36 0.785398 1.130973 1.529601 0.785398 151.763666
36 0.802851 1.130973 1.528194 0.802851 150.210725
36 0.820305 1.130973 1.526771 0.820305 148.641418
36 0.837758 1.130973 1.525332 0.837758 147.055215
36 0.855211 1.130973 1.523875 0.855211 145.451562
36 0.872665 1.130973 1.522402 0.872665 143.829871
36 0.890118 1.130973 1.520911 0.890118 142.189520
36 0.907571 1.130973 1.519404 0.907571 140.529855
36 0.925025 1.130973 1.517878 0.925025 138.850178
36 0.942478 1.130973 1.516335 0.942478 137.149752
36 0.959931 1.130973 1.514772 0.959931 135.427793
36 0.977384 1.130973 1.513190 0.977384 133.683466
36 0.994838 1.130973 1.511587 0.994838 131.915881
36 1.012291 1.130973 1.509963 1.012291 130.124090
36 1.029744 1.130973 1.508316 1.029744 128.307075
36 1.047198 1.130973 1.506644 1.047198 126.463747
36 1.064651 1.130973 1.504946 1.064651 124.592939
36 1.082104 1.130973 1.503219 1.082104 122.693391
36 1.099557 1.130973 1.501461 1.099557 120.763746
36 1.117011 1.130973 1.499669 1.117011 118.802537
36 1.134464 1.130973 1.497840 1.134464 116.808174
36 1.151917 1.130973 1.495970 1.151917 114.778929
36 1.169371 1.130973 1.494054 1.169371 112.712918
36 1.186824 1.130973 1.492087 1.186824 110.608081
36 1.204277 1.130973 1.490063 1.204277 108.462159
36 1.221730 1.130973 1.487974 1.221730 106.272664
36 1.239184 1.130973 1.485813 1.239184 104.036846
36 1.256637 1.130973 1.483569 1.256637 101.751653
36 1.274090 1.130973 1.481230 1.274090 99.413684
36 1.291544 1.130973 1.478783 1.291544 97.019125
36 1.308997 1.130973 1.476211 1.308997 94.563681
37 0.000000 1.162389 1.570796 0.000000 210.038092
37 0.017453 1.162389 1.570449 0.017453 208.919607
37 0.034907 1.162389 1.570071 0.034907 207.795200
37 0.052360 1.162389 1.569662 0.052360 206.664770
37 0.069813 1.162389 1.569223 0.069813 205.528213
37 0.087266 1.162389 1.568754 0.087266 204.385423
37 0.104720 1.162389 1.568253 0.104720 203.236291
37 0.122173 1.162389 1.567723 0.122173 202.080704
37 0.139626 1.162389 1.567161 0.139626 200.918545
37 0.157080 1.162389 1.566570 0.157080 199.749696
37 0.174533 1.162389 1.565948 0.174533 198.574032
37 0.191986 1.162389 1.565296 0.191986 197.391429
37 0.209440 1.162389 1.564614 0.209440 196.201754
37 0.226893 1.162389 1.563902 0.226893 195.004874
37 0.244346 1.162389 1.563160 0.244346 193.800649
37 0.261799 1.162389 1.562389 0.261799 192.588937
37 0.279253 1.162389 1.561588 0.279253 191.369589
37 0.296706 1.162389 1.560759 0.296706 190.142454
37 0.314159 1.162389 1.559901 0.314159 188.907373
37 0.331613 1.162389 1.559014 0.331613 187.664185
37 0.349066 1.162389 1.558099 0.349066 186.412722
37 0.366519 1.162389 1.557156 0.366519 185.152809
37 0.383972 1.162389 1.556186 0.383972 183.884267
37 0.401426 1.162389 1.555189 0.401426 182.606910
37 0.418879 1.162389 1.554165 0.418879 181.320547
37 0.436332 1.162389 1.553114 0.436332 180.024979
37 0.453786 1.162389 1.552038 0.453786 178.719998
37 0.471239 1.162389 1.550936 0.471239 177.405391
37 0.488692 1.162389 1.549808 0.488692 176.080937
37 0.506145 1.162389 1.548656 0.506145 174.746406
37 0.523599 1.162389 1.547479 0.523599 173.401559
37 0.541052 1.162389 1.546278 0.541052 172.046148
37 0.558505 1.162389 1.545054 0.558505 170.679915
37 0.575959 1.162389 1.543806 0.575959 169.302592
37 0.593412 1.162389 1.542535 0.593412 167.913901
37 0.610865 1.162389 1.541243 0.610865 166.513552
37 0.628319 1.162389 1.539928 0.628319 165.101241
37 0.645772 1.162389 1.538591 0.645772 163.676653
37 0.663225 1.162389 1.537233 0.663225 162.239458
37 0.680678 1.162389 1.535855 0.680678 160.789315
37 0.698132 1.162389 1.534455 0.698132 159.325862
37 0.715585 1.162389 1.533036 0.715585 157.848725
37 0.733038 1.162389 1.531596 0.733038 156.357509
37 0.750492 1.162389 1.530137 0.750492 154.851804
37 0.767945 1.162389 1.528658 0.767945 153.331176
37 0.785398 1.162389 1.527160 0.785398 151.795173
37 0.802851 1.162389 1.525642 0.802851 150.243317
37 0.820305 1.162389 1.524105 0.820305 148.675108
37 0.837758 1.162389 1.522550 0.837758 147.090018
37 0.855211 1.162389 1.520974 0.855211 145.487489
37 0.872665 1.162389 1.519380 0.872665 143.866936
37 0.890118 1.162389 1.517765 0.890118 142.227738
37 0.907571 1.162389 1.516131 0.907571 140.569238
37 0.925025 1.162389 1.514476 0.925025 138.890741
37 0.942478 1.162389 1.512801 0.942478 137.191509
37 0.959931 1.162389 1.511103 0.959931 135.470759
37 0.977384 1.162389 1.509384 0.977384 133.727657
37 0.994838 1.162389 1.507640 0.994838 131.961313
37 1.012291 1.162389 1.505872 1.012291 130.170779
37 1.029744 1.162389 1.504077 1.029744 128.355040
37 1.047198 1.162389 1.502255 1.047198 126.513009
37 1.064651 1.162389 1.500402 1.064651 124.643516
37 1.082104 1.162389 1.498517 1.082104 122.745307
37 1.099557 1.162389 1.496597 1.099557 120.817025
37 1.117011 1.162389 1.494638 1.117011 118.857206
37 1.134464 1.162389 1.492638 1.134464 116.864262
37 1.151917 1.162389 1.490592 1.151917 114.836468
37 1.169371 1.162389 1.488494 1.169371 112.771943
37 1.186824 1.162389 1.486339 1.186824 110.668633
37 1.204277 1.162389 1.484121 1.204277 108.524281
37 1.221730 1.162389 1.481831 1.221730 106.336406
37 1.239184 1.162389 1.479461 1.239184 104.102266
37 1.256637 1.162389 1.476999 1.256637 101.818815
37 1.274090 1.162389 1.474433 1.274090 99.482660
37 1.291544 1.162389 1.471747 1.291544 97.090000
37 1.308997 1.162389 1.468923 1.308997 94.636550
38 0.000000 1.193805 1.570796 0.000000 210.038092
38 0.017453 1.193805 1.570448 0.017453 208.919906
38 0.034907 1.193805 1.570066 0.034907 207.795826
38 0.052360 1.193805 1.569651 0.052360 206.665749
38 0.069813 1.193805 1.569203 0.069813 205.529574
38 0.087266 1.193805 1.568722 0.087266 204.387193
38 0.104720 1.193805 1.568207 0.104720 203.238496
38 0.122173 1.193805 1.567660 0.122173 202.083372
38 0.139626 1.193805 1.567079 0.139626 200.921704
38 0.157080 1.193805 1.566465 0.157080 199.753373
38 0.174533 1.193805 1.565818 0.174533 198.578255
38 0.191986 1.193805 1.565137 0.191986 197.396224
38 0.209440 1.193805 1.564424 0.209440 196.207149
38 0.226893 1.193805 1.563679 0.226893 195.010895
38 0.244346 1.193805 1.562901 0.244346 193.807323
38 0.261799 1.193805 1.562090 0.261799 192.596291
38 0.279253 1.193805 1.561247 0.279253 191.377649
38 0.296706 1.193805 1.560373 0.296706 190.151246
38 0.314159 1.193805 1.559467 0.314159 188.916923
38 0.331613 1.193805 1.558529 0.331613 187.674519
38 0.349066 1.193805 1.557561 0.349066 186.423865
38 0.366519 1.193805 1.556561 0.366519 185.164786
38 0.383972 1.193805 1.555531 0.383972 183.897103
38 0.401426 1.193805 1.554472 0.401426 182.620631
38 0.418879 1.193805 1.553382 0.418879 181.335176
38 0.436332 1.193805 1.552263 0.436332 180.040539
38 0.453786 1.193805 1.551115 0.453786 178.736514
38 0.471239 1.193805 1.549939 0.471239 177.422886
38 0.488692 1.193805 1.548734 0.488692 176.099434
38 0.506145 1.193805 1.547502 0.506145 174.765928
38 0.523599 1.193805 1.546242 0.523599 173.422127
38 0.541052 1.193805 1.544956 0.541052 172.067784
38 0.558505 1.193805 1.543643 0.558505 170.702642
38 0.575959 1.193805 1.542304 0.575959 169.326430
38 0.593412 1.193805 1.540939 0.593412 167.938871
38 0.610865 1.193805 1.539549 0.610865 166.539674
38 0.628319 1.193805 1.538134 0.628319 165.128535
38 0.645772 1.193805 1.536694 0.645772 163.705139
38 0.663225 1.193805 1.535231 0.663225 162.269157
38 0.680678 1.193805 1.533744 0.680678 160.820244
38 0.698132 1.193805 1.532233 0.698132 159.358041
38 0.715585 1.193805 1.530699 0.715585 157.882171
38 0.733038 1.193805 1.529143 0.733038 156.392242
38 0.750492 1.193805 1.527563 0.750492 154.887842
38 0.767945 1.193805 1.525962 0.767945 153.368537
38 0.785398 1.193805 1.524338 0.785398 151.833874
38 0.802851 1.193805 1.522692 0.802851 150.283376
38 0.820305 1.193805 1.521024 0.820305 148.716542
38 0.837758 1.193805 1.519334 0.837758 147.132845
38 0.855211 1.193805 1.517621 0.855211 145.531727
38 0.872665 1.193805 1.515887 0.872665 143.912603
38 0.890118 1.193805 1.514129 0.890118 142.274851
38 0.907571 1.193805 1.512349 0.907571 140.617816
38 0.925025 1.193805 1.510545 0.925025 138.940803
38 0.942478 1.193805 1.508717 0.942478 137.243074
38 0.959931 1.193805 1.506864 0.959931 135.523847
38 0.977384 1.193805 1.504985 0.977384 133.782288
38 0.994838 1.193805 1.503078 0.994838 132.017509
38 1.012291 1.193805 1.501144 1.012291 130.228563
38 1.029744 1.193805 1.499179 1.029744 128.414436
38 1.047198 1.193805 1.497183 1.047198 126.574041
38 1.064651 1.193805 1.495152 1.064651 124.706213
38 1.082104 1.193805 1.493084 1.082104 122.809698
38 1.099557 1.193805 1.490977 1.099557 120.883141
38 1.117011 1.193805 1.488826 1.117011 118.925083
38 1.134464 1.193805 1.486628 1.134464 116.933937
38 1.151917 1.193805 1.484378 1.151917 114.907983
38 1.169371 1.193805 1.482071 1.169371 112.845344
38 1.186824 1.193805 1.479700 1.186824 110.743971
38 1.204277 1.193805 1.477258 1.204277 108.601614
38 1.221730 1.193805 1.474736 1.221730 106.415798
38 1.239184 1.193805 1.472125 1.239184 104.183789
38 1.256637 1.193805 1.469412 1.256637 101.902552
38 1.274090 1.193805 1.466583 1.274090 99.568704
38 1.291544 1.193805 1.463622 1.291544 97.178457
38 1.308997 1.193805 1.460509 1.308997 94.727545
39 0.000000 1.225221 1.570796 0.000000 210.038092
39 0.017453 1.225221 1.570446 0.017453 208.920258
39 0.034907 1.225221 1.570060 0.034907 207.796565
39 0.052360 1.225221 1.569638 0.052360 206.666910
39 0.069813 1.225221 1.569179 0.069813 205.531191
39 0.087266 1.225221 1.568684 0.087266 204.389302
39 0.104720 1.225221 1.568153 0.104720 203.241132
39 0.122173 1.225221 1.567586 0.122173 202.086570
39 0.139626 1.225221 1.566982 0.139626 200.925499
39 0.157080 1.225221 1.566341 0.157080 199.757800
39 0.174533 1.225221 1.565665 0.174533 198.583349
39 0.191986 1.225221 1.564952 0.191986 197.402019
39 0.209440 1.225221 1.564203 0.209440 196.213681
39 0.226893 1.225221 1.563418 0.226893 195.018198
39 0.244346 1.225221 1.562597 0.244346 193.815432
39 0.261799 1.225221 1.561740 0.261799 192.605239
39 0.279253 1.225221 1.560848 0.279253 191.387471
39 0.296706 1.225221 1.559921 0.296706 190.161976
39 0.314159 1.225221 1.558958 0.314159 188.928595
39 0.331613 1.225221 1.557961 0.331613 187.687165
39 0.349066 1.225221 1.556929 0.349066 186.437518
39 0.366519 1.225221 1.555864 0.366519 185.179480
39 0.383972 1.225221 1.554764 0.383972 183.912870
39 0.401426 1.225221 1.553631 0.401426 182.637502
39 0.418879 1.225221 1.552465 0.418879 181.353184
39 0.436332 1.225221 1.551266 0.436332 180.059714
39 0.453786 1.225221 1.550034 0.453786 178.756888
39 0.471239 1.225221 1.548771 0.471239 177.444489
39 0.488692 1.225221 1.547476 0.488692 176.122296
39 0.506145 1.225221 1.546150 0.506145 174.790077
39 0.523599 1.225221 1.544793 0.523599 173.447595
39 0.541052 1.225221 1.543406 0.541052 172.094598
39 0.558505 1.225221 1.541989 0.558505 170.730830
39 0.575959 1.225221 1.540543 0.575959 169.356022
39 0.593412 1.225221 1.539068 0.593412 167.969893
39 0.610865 1.225221 1.537564 0.610865 166.572153
39 0.628319 1.225221 1.536032 0.628319 165.162498
39 0.645772 1.225221 1.534472 0.645772 163.740612
39 0.663225 1.225221 1.532884 0.663225 162.306166
39 0.680678 1.225221 1.531270 0.680678 160.858814
39 0.698132 1.225221 1.529629 0.698132 159.398198
39 0.715585 1.225221 1.527961 0.715585 157.923940
39 0.733038 1.225221 1.526268 0.733038 156.435647
39 0.750492 1.225221 1.524548 0.750492 154.932907
39 0.767945 1.225221 1.522803 0.767945 153.415286
39 0.785398 1.225221 1.521032 0.785398 151.882331
39 0.802851 1.225221 1.519236 0.802851 150.333566
39 0.820305 1.225221 1.517414 0.820305 148.768488
39 0.837758 1.225221 1.515567 0.837758 147.186570
39 0.855211 1.225221 1.513694 0.855211 145.587256
39 0.872665 1.225221 1.511795 0.872665 143.969959
39 0.890118 1.225221 1.509870 0.890118 142.334060
39 0.907571 1.225221 1.507919 0.907571 140.678901
39 0.925025 1.225221 1.505940 0.925025 139.003790
39 0.942478 1.225221 1.503933 0.942478 137.307990
39 0.959931 1.225221 1.501898 0.959931 135.590717
39 0.977384 1.225221 1.499833 0.977384 133.851141
39 0.994838 1.225221 1.497736 0.994838 132.088374
39 1.012291 1.225221 1.495607 1.012291 130.301470
39 1.029744 1.225221 1.493443 1.029744 128.489417
39 1.047198 1.225221 1.491243 1.047198 126.651130
39 1.064651 1.225221 1.489004 1.064651 124.785447
39 1.082104 1.225221 1.486723 1.082104 122.891115
39 1.099557 1.225221 1.484396 1.099557 120.966785
39 1.117011 1.225221 1.482021 1.117011 119.010999
39 1.134464 1.225221 1.479592 1.134464 117.022175
39 1.151917 1.225221 1.477105 1.151917 114.998598
39 1.169371 1.225221 1.474552 1.169371 112.938398
39 1.186824 1.225221 1.471929 1.186824 110.839530
39 1.204277 1.225221 1.469225 1.204277 108.699754
39 1.221730 1.225221 1.466432 1.221730 106.516602
39 1.239184 1.225221 1.463539 1.239184 104.287352
39 1.256637 1.225221 1.460533 1.256637 102.008980
39 1.274090 1.225221 1.457398 1.274090 99.678120
39 1.291544 1.225221 1.454117 1.291544 97.290999
39 1.308997 1.225221 1.450666 1.308997 94.843372
40 0.000000 1.256637 1.570796 0.000000 210.038092
40 0.017453 1.256637 1.570444 0.017453 208.920680
40 0.034907 1.256637 1.570053 0.034907 207.797453
40 0.052360 1.256637 1.569622 0.052360 206.668311
40 0.069813 1.256637 1.569151 0.069813 205.533150
40 0.087266 1.256637 1.568640 0.087266 204.391864
40 0.104720 1.256637 1.568089 0.104720 203.244344
40 0.122173 1.256637 1.567497 0.122173 202.090477
40 0.139626 1.256637 1.566866 0.139626 200.930147
40 0.157080 1.256637 1.566194 0.157080 199.763235
40 0.174533 1.256637 1.565483 0.174533 198.589618
40 0.191986 1.256637 1.564731 0.191986 197.409167
40 0.209440 1.256637 1.563939 0.209440 196.221753
40 0.226893 1.256637 1.563107 0.226893 195.027241
40 0.244346 1.256637 1.562235 0.244346 193.825491
40 0.261799 1.256637 1.561323 0.261799 192.616359
40 0.279253 1.256637 1.560372 0.279253 191.399698
40 0.296706 1.256637 1.559382 0.296706 190.175353
40 0.314159 1.256637 1.558352 0.314159 188.943167
40 0.331613 1.256637 1.557284 0.331613 187.702977
40 0.349066 1.256637 1.556177 0.349066 186.454614
40 0.366519 1.256637 1.555033 0.366519 185.197902
40 0.383972 1.256637 1.553850 0.383972 183.932662
40 0.401426 1.256637 1.552629 0.401426 182.658706
40 0.418879 1.256637 1.551372 0.418879 181.375842
40 0.436332 1.256637 1.550077 0.436332 180.083869
40 0.453786 1.256637 1.548747 0.453786 178.782579
40 0.471239 1.256637 1.547380 0.471239 177.471759
40 0.488692 1.256637 1.545978 0.488692 176.151184
40 0.506145 1.256637 1.544540 0.506145 174.820624
40 0.523599 1.256637 1.543068 0.523599 173.479838
40 0.541052 1.256637 1.541561 0.541052 172.128578
40 0.558505 1.256637 1.540021 0.558505 170.766584
40 0.575959 1.256637 1.538447 0.575959 169.393587
40 0.593412 1.256637 1.536840 0.593412 168.009307
40 0.610865 1.256637 1.535200 0.610865 166.613452
40 0.628319 1.256637 1.533529 0.628319 165.205719
40 0.645772 1.256637 1.531826 0.645772 163.785791
40 0.663225 1.256637 1.530091 0.663225 162.353336
40 0.680678 1.256637 1.528325 0.680678 160.908012
40 0.698132 1.256637 1.526529 0.698132 159.449457
40 0.715585 1.256637 1.524702 0.715585 157.977294
40 0.733038 1.256637 1.522846 0.733038 156.491130
40 0.750492 1.256637 1.520959 0.750492 154.990551
40 0.767945 1.256637 1.519043 0.767945 153.475125
40 0.785398 1.256637 1.517097 0.785398 151.944398
40 0.802851 1.256637 1.515122 0.802851 150.397893
40 0.820305 1.256637 1.513118 0.820305 148.835108
40 0.837758 1.256637 1.511083 0.837758 147.255516
40 0.855211 1.256637 1.509020 0.855211 145.658560
40 0.872665 1.256637 1.506926 0.872665 144.043655
40 0.890118 1.256637 1.504802 0.890118 142.410181
40 0.907571 1.256637 1.502647 0.907571 140.757482
40 0.925025 1.256637 1.500461 0.925025 139.084865
40 0.942478 1.256637 1.498242 0.942478 137.391594
40 0.959931 1.256637 1.495990 0.959931 135.676889
40 0.977384 1.256637 1.493704 0.977384 133.939917
40 0.994838 1.256637 1.491381 0.994838 132.179795
40 1.012291 1.256637 1.489021 1.012291 130.395577
40 1.029744 1.256637 1.486621 1.029744 128.586254
40 1.047198 1.256637 1.484179 1.047198 126.750745
40 1.064651 1.256637 1.481692 1.064651 124.887888
40 1.082104 1.256637 1.479158 1.082104 122.996435
40 1.099557 1.256637 1.476571 1.099557 121.075042
40 1.117011 1.256637 1.473929 1.117011 119.122254
40 1.134464 1.256637 1.471226 1.134464 117.136497
40 1.151917 1.256637 1.468457 1.151917 115.116061
40 1.169371 1.256637 1.465614 1.169371 113.059082
40 1.186824 1.256637 1.462690 1.186824 110.963526
40 1.204277 1.256637 1.459677 1.204277 108.827162
40 1.221730 1.256637 1.456563 1.221730 106.647535
40 1.239184 1.256637 1.453337 1.239184 104.421935
40 1.256637 1.256637 1.449983 1.256637 102.147355
40 1.274090 1.256637 1.446486 1.274090 99.820448
40 1.291544 1.256637 1.442824 1.291544 97.437464
40 1.308997 1.256637 1.438975 1.308997 94.994185
41 0.000000 1.288053 1.570796 0.000000 210.038092
41 0.017453 1.288053 1.570442 0.017453 208.921195
41 0.034907 1.288053 1.570044 0.034907 207.798543
41 0.052360 1.288053 1.569602 0.052360 206.670037
41 0.069813 1.288053 1.569116 0.069813 205.535573
41 0.087266 1.288053 1.568586 0.087266 204.395046
41 0.104720 1.288053 1.568010 0.104720 203.248347
41 0.122173 1.288053 1.567390 0.122173 202.095363
41 0.139626 1.288053 1.566726 0.139626 200.935977
41 0.157080 1.288053 1.566016 0.157080 199.770072
41 0.174533 1.288053 1.565261 0.174533 198.597523
41 0.191986 1.288053 1.564462 0.191986 197.418203
41 0.209440 1.288053 1.563618 0.209440 196.231981
41 0.226893 1.288053 1.562729 0.226893 195.038723
41 0.244346 1.288053 1.561795 0.244346 193.838288
41 0.261799 1.288053 1.560817 0.261799 192.630534
41 0.279253 1.288053 1.559794 0.279253 191.415310
41 0.296706 1.288053 1.558728 0.296706 190.192465
41 0.314159 1.288053 1.557617 0.314159 188.961838
41 0.331613 1.288053 1.556463 0.331613 187.723267
41 0.349066 1.288053 1.555265 0.349066 186.476583
41 0.366519 1.288053 1.554024 0.366519 185.221609
41 0.383972 1.288053 1.552740 0.383972 183.958166
41 0.401426 1.288053 1.551414 0.401426 182.686066
41 0.418879 1.288053 1.550046 0.418879 181.405115
41 0.436332 1.288053 1.548636 0.436332 180.115112
41 0.453786 1.288053 1.547184 0.453786 178.815849
41 0.471239 1.288053 1.545692 0.471239 177.507111
41 0.488692 1.288053 1.544159 0.488692 176.188675
41 0.506145 1.288053 1.542586 0.506145 174.860307
41 0.523599 1.288053 1.540974 0.523599 173.521768
41 0.541052 1.288053 1.539322 0.541052 172.172809
41 0.558505 1.288053 1.537632 0.558505 170.813168
41 0.575959 1.288053 1.535903 0.575959 169.442576
41 0.593412 1.288053 1.534137 0.593412 168.060753
41 0.610865 1.288053 1.532333 0.610865 166.667405
41 0.628319 1.288053 1.530493 0.628319 165.262230
41 0.645772 1.288053 1.528615 0.645772 163.844908
41 0.663225 1.288053 1.526702 0.663225 162.415110
41 0.680678 1.288053 1.524753 0.680678 160.972490
41 0.698132 1.288053 1.522769 0.698132 159.516687
41 0.715585 1.288053 1.520749 0.715585 158.047323
41 0.733038 1.288053 1.518695 0.733038 156.564006
41 0.750492 1.288053 1.516606 0.750492 155.066320
41 0.767945 1.288053 1.514483 0.767945 153.553833
41 0.785398 1.288053 1.512325 0.785398 152.026092
41 0.802851 1.288053 1.510134 0.802851 150.482618
41 0.820305 1.288053 1.507908 0.820305 148.922910
41 0.837758 1.288053 1.505647 0.837758 147.346441
41 0.855211 1.288053 1.503353 0.855211 145.752656
41 0.872665 1.288053 1.501023 0.872665 144.140967
41 0.890118 1.288053 1.498658 0.890118 142.510756
41 0.907571 1.288053 1.496257 0.907571 140.861369
41 0.925025 1.288053 1.493819 0.925025 139.192113
41 0.942478 1.288053 1.491344 0.942478 137.502253
41 0.959931 1.288053 1.488829 0.959931 135.791010
41 0.977384 1.288053 1.486275 0.977384 134.057555
41 0.994838 1.288053 1.483679 0.994838 132.301005
41 1.012291 1.288053 1.481039 1.012291 130.520418
41 1.029744 1.288053 1.478354 1.029744 128.714787
41 1.047198 1.288053 1.475619 1.047198 126.883034
41 1.064651 1.288053 1.472833 1.064651 125.024003
41 1.082104 1.288053 1.469992 1.082104 123.136450
41 1.099557 1.288053 1.467092 1.099557 121.219036
41 1.117011 1.288053 1.464128 1.117011 119.270313
41 1.134464 1.288053 1.461093 1.134464 117.288715
41 1.151917 1.288053 1.457983 1.151917 115.272539
41 1.169371 1.288053 1.454790 1.169371 113.219933
41 1.186824 1.288053 1.451505 1.186824 111.128873
41 1.204277 1.288053 1.448117 1.204277 108.997142
41 1.221730 1.288053 1.444616 1.221730 106.822302
41 1.239184 1.288053 1.440988 1.239184 104.601659
41 1.256637 1.288053 1.437216 1.256637 102.332231
41 1.274090 1.288053 1.433282 1.274090 100.010694
41 1.291544 1.288053 1.429164 1.291544 97.633330
41 1.308997 1.288053 1.424833 1.308997 95.195957
42 0.000000 1.319469 1.570796 0.000000 210.038092
42 0.017453 1.319469 1.570440 0.017453 208.921838
42 0.034907 1.319469 1.570034 0.034907 207.799914
42 0.052360 1.319469 1.569578 0.052360 206.672221
42 0.069813 1.319469 1.569073 0.069813 205.538655
42 0.087266 1.319469 1.568518 0.087266 204.399111
42 0.104720 1.319469 1.567913 0.104720 203.253480
42 0.122173 1.319469 1.567257 0.122173 202.101651
42 0.139626 1.319469 1.566551 0.139626 200.943507
42 0.157080 1.319469 1.565794 0.157080 199.778929
42 0.174533 1.319469 1.564987 0.174533 198.607794
42 0.191986 1.319469 1.564129 0.191986 197.429975
42 0.209440 1.319469 1.563219 0.209440 196.245341
42 0.226893 1.319469 1.562260 0.226893 195.053757
42 0.244346 1.319469 1.561249 0.244346 193.855083
42 0.261799 1.319469 1.560188 0.261799 192.649174
42 0.279253 1.319469 1.559077 0.279253 191.435883
42 0.296706 1.319469 1.557915 0.296706 190.215054
42 0.314159 1.319469 1.556704 0.314159 188.986530
42 0.331613 1.319469 1.555442 0.331613 187.750147
42 0.349066 1.319469 1.554131 0.349066 186.505733
42 0.366519 1.319469 1.552771 0.366519 185.253115
42 0.383972 1.319469 1.551362 0.383972 183.992110
42 0.401426 1.319469 1.549904 0.401426 182.722529
42 0.418879 1.319469 1.548399 0.418879 181.444180
42 0.436332 1.319469 1.546845 0.436332 180.156860
42 0.453786 1.319469 1.545244 0.453786 178.860360
42 0.471239 1.319469 1.543596 0.471239 177.554465
42 0.488692 1.319469 1.541901 0.488692 176.238949
42 0.506145 1.319469 1.540161 0.506145 174.913581
42 0.523599 1.319469 1.538374 0.523599 173.578119
42 0.541052 1.319469 1.536543 0.541052 172.232311
42 0.558505 1.319469 1.534666 0.558505 170.875897
42 0.575959 1.319469 1.532746 0.575959 169.508608
42 0.593412 1.319469 1.530782 0.593412 168.130160
42 0.610865 1.319469 1.528774 0.610865 166.740261
42 0.628319 1.319469 1.526724 0.628319 165.338605
42 0.645772 1.319469 1.524631 0.645772 163.924875
42 0.663225 1.319469 1.522496 0.663225 162.498738
42 0.680678 1.319469 1.520320 0.680678 161.059849
42 0.698132 1.319469 1.518102 0.698132 159.607846
42 0.715585 1.319469 1.515844 0.715585 158.142352
42 0.733038 1.319469 1.513545 0.733038 156.662970
42 0.750492 1.319469 1.511205 0.750492 155.169288
42 0.767945 1.319469 1.508825 0.767945 153.660872
42 0.785398 1.319469 1.506405 0.785398 152.137267
42 0.802851 1.319469 1.503945 0.802851 150.597997
42 0.820305 1.319469 1.501445 0.820305 149.042560
42 0.837758 1.319469 1.498905 0.837758 147.470428
42 0.855211 1.319469 1.496324 0.855211 145.881047
42 0.872665 1.319469 1.493702 0.872665 144.273830
42 0.890118 1.319469 1.491038 0.890118 142.648160
42 0.907571 1.319469 1.488332 0.907571 141.003383
42 0.925025 1.319469 1.485584 0.925025 139.338808
42 0.942478 1.319469 1.482791 0.942478 137.653703
42 0.959931 1.319469 1.479952 0.959931 135.947289
42 0.977384 1.319469 1.477067 0.977384 134.218740
42 0.994838 1.319469 1.474133 0.994838 132.467177
42 1.012291 1.319469 1.471147 1.012291 130.691661
42 1.029744 1.319469 1.468108 1.029744 128.891190
42 1.047198 1.319469 1.465013 1.047198 127.064690
42 1.064651 1.319469 1.461857 1.064651 125.211011
42 1.082104 1.319469 1.458638 1.082104 123.328916
42 1.099557 1.319469 1.455350 1.099557 121.417073
42 1.117011 1.319469 1.451988 1.117011 119.474043
42 1.134464 1.319469 1.448545 1.134464 117.498271
42 1.151917 1.319469 1.445015 1.151917 115.488066
42 1.169371 1.319469 1.441389 1.169371 113.441589
42 1.186824 1.319469 1.437658 1.186824 111.356834
42 1.204277 1.319469 1.433810 1.204277 109.231601
42 1.221730 1.319469 1.429832 1.221730 107.063474
42 1.239184 1.319469 1.425710 1.239184 104.849787
42 1.256637 1.319469 1.421423 1.256637 102.587584
42 1.274090 1.319469 1.416953 1.274090 100.273579
42 1.291544 1.319469 1.412273 1.291544 97.904096
42 1.308997 1.319469 1.407353 1.308997 95.475002
43 0.000000 1.350885 1.570796 0.000000 210.038092
43 0.017453 1.350885 1.570436 0.017453 208.922669
43 0.034907 1.350885 1.570020 0.034907 207.801696
43 0.052360 1.350885 1.569548 0.052360 206.675077
43 0.069813 1.350885 1.569018 0.069813 205.542709
43 0.087266 1.350885 1.568432 0.087266 204.404486
43 0.104720 1.350885 1.567789 0.104720 203.260302
43 0.122173 1.350885 1.567087 0.122173 202.110044
43 0.139626 1.350885 1.566328 0.139626 200.953597
43 0.157080 1.350885 1.565511 0.157080 199.790842
43 0.174533 1.350885 1.564636 0.174533 198.621656
43 0.191986 1.350885 1.563702 0.191986 197.445912
43 0.209440 1.350885 1.562710 0.209440 196.263479
43 0.226893 1.350885 1.561660 0.226893 195.074222
43 0.244346 1.350885 1.560551 0.244346 193.878002
43 0.261799 1.350885 1.559384 0.261799 192.674673
43 0.279253 1.350885 1.558160 0.279253 191.464086
43 0.296706 1.350885 1.556877 0.296706 190.246089
43 0.314159 1.350885 1.555536 0.314159 189.020520
43 0.331613 1.350885 1.554138 0.331613 187.787216
43 0.349066 1.350885 1.552682 0.349066 186.546005
43 0.366519 1.350885 1.551170 0.366519 185.296713
43 0.383972 1.350885 1.549601 0.383972 184.039156
43 0.401426 1.350885 1.547975 0.401426 182.773145
43 0.418879 1.350885 1.546294 0.418879 181.498486
43 0.436332 1.350885 1.544557 0.436332 180.214976
43 0.453786 1.350885 1.542764 0.453786 178.922404
43 0.471239 1.350885 1.540917 0.471239 177.620555
43 0.488692 1.350885 1.539016 0.488692 176.309201
43 0.506145 1.350885 1.537061 0.506145 174.988111
43 0.523599 1.350885 1.535053 0.523599 173.657040
43 0.541052 1.350885 1.532992 0.541052 172.315737
43 0.558505 1.350885 1.530878 0.558505 170.963941
43 0.575959 1.350885 1.528713 0.575959 169.601379
43 0.593412 1.350885 1.526496 0.593412 168.227769
43 0.610865 1.350885 1.524229 0.610865 166.842815
43 0.628319 1.350885 1.521911 0.628319 165.446213
43 0.645772 1.350885 1.519543 0.645772 164.037642
43 0.663225 1.350885 1.517126 0.663225 162.616770
43 0.680678 1.350885 1.514660 0.680678 161.183250
43 0.698132 1.350885 1.512145 0.698132 159.736720
43 0.715585 1.350885 1.509582 0.715585 158.276800
43 0.733038 1.350885 1.506971 0.733038 156.803094
43 0.750492 1.350885 1.504312 0.750492 155.315190
43 0.767945 1.350885 1.501605 0.767945 153.812652
43 0.785398 1.350885 1.498851 0.785398 152.295026
43 0.802851 1.350885 1.496049 0.802851 150.761834
43 0.820305 1.350885 1.493200 0.820305 149.212576
43 0.837758 1.350885 1.490303 0.837758 147.646724
43 0.855211 1.350885 1.487357 0.855211 146.063723
43 0.872665 1.350885 1.484363 0.872665 144.462989
43 0.890118 1.350885 1.481320 0.890118 142.843905
43 0.907571 1.350885 1.478227 0.907571 141.205819
43 0.925025 1.350885 1.475083 0.925025 139.548042
43 0.942478 1.350885 1.471886 0.942478 137.869843
43 0.959931 1.350885 1.468636 0.959931 136.170449
43 0.977384 1.350885 1.465329 0.977384 134.449036
43 0.994838 1.350885 1.461966 0.994838 132.704729
43 1.012291 1.350885 1.458542 1.012291 130.936596
43 1.029744 1.350885 1.455054 1.029744 129.143638
43 1.047198 1.350885 1.451501 1.047198 127.324791
43 1.064651 1.350885 1.447877 1.064651 125.478913
43 1.082104 1.350885 1.444177 1.082104 123.604775
43 1.099557 1.350885 1.440398 1.099557 121.701057
43 1.117011 1.350885 1.436532 1.117011 119.766334
43 1.134464 1.350885 1.432572 1.134464 117.799063
43 1.151917 1.350885 1.428511 1.151917 115.797573
43 1.169371 1.350885 1.424338 1.169371 113.760045
43 1.186824 1.350885 1.420043 1.186824 111.684494
43 1.204277 1.350885 1.415614 1.204277 109.568749
43 1.221730 1.350885 1.411034 1.221730 107.410424
43 1.239184 1.350885 1.406287 1.239184 105.206889
43 1.256637 1.350885 1.401353 1.256637 102.955234
43 1.274090 1.350885 1.396207 1.274090 100.652221
43 1.291544 1.350885 1.390821 1.291544 98.294235
43 1.308997 1.350885 1.385160 1.308997 95.877215
44 0.000000 1.382301 1.570796 0.000000 210.038092
44 0.017453 1.382301 1.570432 0.017453 208.923783
44 0.034907 1.382301 1.570002 0.034907 207.804110
44 0.052360 1.382301 1.569507 0.052360 206.678978
44 0.069813 1.382301 1.568946 0.069813 205.548285
44 0.087266 1.382301 1.568318 0.087266 204.411928
44 0.104720 1.382301 1.567624 0.104720 203.269801
44 0.122173 1.382301 1.566862 0.122173 202.121791
44 0.139626 1.382301 1.566032 0.139626 200.967786
44 0.157080 1.382301 1.565135 0.157080 199.807665
44 0.174533 1.382301 1.564170 0.174533 198.641308
44 0.191986 1.382301 1.563136 0.191986 197.468588
44 0.209440 1.382301 1.562034 0.209440 196.289373
44 0.226893 1.382301 1.560864 0.226893 195.103529
44 0.244346 1.382301 1.559625 0.244346 193.910915
44 0.261799 1.382301 1.558318 0.261799 192.711388
44 0.279253 1.382301 1.556943 0.279253 191.504798
44 0.296706 1.382301 1.555499 0.296706 190.290990
44 0.314159 1.382301 1.553987 0.314159 189.069805
44 0.331613 1.382301 1.552408 0.331613 187.841076
44 0.349066 1.382301 1.550761 0.349066 186.604633
44 0.366519 1.382301 1.549047 0.366519 185.360299
44 0.383972 1.382301 1.547265 0.383972 184.107890
44 0.401426 1.382301 1.545417 0.401426 182.847217
44 0.418879 1.382301 1.543503 0.418879 181.578082
44 0.436332 1.382301 1.541523 0.436332 180.300282
44 0.453786 1.382301 1.539478 0.453786 179.013607
44 0.471239 1.382301 1.537367 0.471239 177.717837
44 0.488692 1.382301 1.535192 0.488692 176.412745
44 0.506145 1.382301 1.532954 0.506145 175.098096
44 0.523599 1.382301 1.530652 0.523599 173.773645
44 0.541052 1.382301 1.528287 0.541052 172.439140
44 0.558505 1.382301 1.525859 0.558505 171.094317
44 0.575959 1.382301 1.523370 0.575959 169.738902
44 0.593412 1.382301 1.520820 0.593412 168.372610
44 0.610865 1.382301 1.518208 0.610865 166.995147
44 0.628319 1.382301 1.515537 0.628319 165.606203
44 0.645772 1.382301 1.512806 0.645772 164.205457
44 0.663225 1.382301 1.510016 0.663225 162.792577
44 0.680678 1.382301 1.507167 0.680678 161.367212
44 0.698132 1.382301 1.504259 0.698132 159.929000
44 0.715585 1.382301 1.501294 0.715585 158.477560
44 0.733038 1.382301 1.498270 0.733038 157.012495
44 0.750492 1.382301 1.495190 0.750492 155.533391
44 0.767945 1.382301 1.492052 0.767945 154.039813
44 0.785398 1.382301 1.488857 0.785398 152.531304
44 0.802851 1.382301 1.485604 0.802851 151.007389
44 0.820305 1.382301 1.482295 0.820305 149.467566
44 0.837758 1.382301 1.478928 0.837758 147.911308
44 0.855211 1.382301 1.475502 0.855211 146.338061
44 0.872665 1.382301 1.472019 0.872665 144.747243
44 0.890118 1.382301 1.468475 0.890118 143.138237
44 0.907571 1.382301 1.464872 0.907571 141.510394
44 0.925025 1.382301 1.461207 0.925025 139.863030
44 0.942478 1.382301 1.457480 0.942478 138.195416
44 0.959931 1.382301 1.453688 0.959931 136.506784
44 0.977384 1.382301 1.449829 0.977384 134.796316
44 0.994838 1.382301 1.445901 0.994838 133.063144
44 1.012291 1.382301 1.441901 1.012291 131.306341
44 1.029744 1.382301 1.437825 1.029744 129.524921
44 1.047198 1.382301 1.433670 1.047198 127.717828
44 1.064651 1.382301 1.429432 1.064651 125.883934
44 1.082104 1.382301 1.425104 1.082104 124.022024
44 1.099557 1.382301 1.420681 1.099557 122.130794
44 1.117011 1.382301 1.416155 1.117011 120.208839
44 1.134464 1.382301 1.411520 1.134464 118.254640
44 1.151917 1.382301 1.406764 1.151917 116.266549
44 1.169371 1.382301 1.401878 1.169371 114.242778
44 1.186824 1.382301 1.396848 1.186824 112.181377
44 1.204277 1.382301 1.391660 1.204277 110.080216
44 1.221730 1.382301 1.386298 1.221730 107.936955
44 1.239184 1.382301 1.380740 1.239184 105.749019
44 1.256637 1.382301 1.374964 1.256637 103.513563
44 1.274090 1.382301 1.368942 1.274090 101.227424
44 1.291544 1.382301 1.362642 1.291544 98.887077
44 1.308997 1.382301 1.356024 1.308997 96.488567
45 0.000000 1.413717 1.570796 0.000000 210.038092
45 0.017453 1.413717 1.570425 0.017453 208.925359
45 0.034907 1.413717 1.569977 0.034907 207.807568
45 0.052360 1.413717 1.569450 0.052360 206.684626
45 0.069813 1.413717 1.568844 0.069813 205.556434
45 0.087266 1.413717 1.568159 0.087266 204.422892
45 0.104720 1.413717 1.567393 0.104720 203.283893
45 0.122173 1.413717 1.566547 0.122173 202.139330
45 0.139626 1.413717 1.565620 0.139626 200.989090
45 0.157080 1.413717 1.564611 0.157080 199.833055
45 0.174533 1.413717 1.563520 0.174533 198.671104
45 0.191986 1.413717 1.562347 0.191986 197.503112
45 0.209440 1.413717 1.561092 0.209440 196.328948
45 0.226893 1.413717 1.559755 0.226893 195.148478
45 0.244346 1.413717 1.558335 0.244346 193.961563
45 0.261799 1.413717 1.556832 0.261799 192.768057
45 0.279253 1.413717 1.555247 0.279253 191.567811
45 0.296706 1.413717 1.553580 0.296706 190.360670
45 0.314159 1.413717 1.551830 0.314159 189.146473
45 0.331613 1.413717 1.549998 0.331613 187.925054
45 0.349066 1.413717 1.548084 0.349066 186.696241
45 0.366519 1.413717 1.546089 0.366519 185.459855
45 0.383972 1.413717 1.544013 0.383972 184.215712
45 0.401426 1.413717 1.541855 0.401426 182.963620
45 0.418879 1.413717 1.539618 0.418879 181.703380
45 0.436332 1.413717 1.537300 0.436332 180.434788
45 0.453786 1.413717 1.534903 0.453786 179.157629
45 0.471239 1.413717 1.532426 0.471239 177.871683
45 0.488692 1.413717 1.529871 0.488692 176.576721
45 0.506145 1.413717 1.527239 0.506145 175.272505
45 0.523599 1.413717 1.524529 0.523599 173.958787
45 0.541052 1.413717 1.521742 0.541052 172.635313
45 0.558505 1.413717 1.518879 0.558505 171.301816
45 0.575959 1.413717 1.515940 0.575959 169.958020
45 0.593412 1.413717 1.512927 0.593412 168.603637
45 0.610865 1.413717 1.509839 0.610865 167.238369
45 0.628319 1.413717 1.506678 0.628319 165.861905
45 0.645772 1.413717 1.503443 0.645772 164.473923
45 0.663225 1.413717 1.500136 0.663225 163.074084
45 0.680678 1.413717 1.496757 0.680678 161.662039
45 0.698132 1.413717 1.493306 0.698132 160.237421
45 0.715585 1.413717 1.489784 0.715585 158.799849
45 0.733038 1.413717 1.486191 0.733038 157.348923
45 0.750492 1.413717 1.482528 0.750492 155.884228
45 0.767945 1.413717 1.478794 0.767945 154.405327
45 0.785398 1.413717 1.474990 0.785398 152.911764
45 0.802851 1.413717 1.471116 0.802851 151.403063
45 0.820305 1.413717 1.467171 0.820305 149.878720
45 0.837758 1.413717 1.463155 0.837758 148.338212
45 0.855211 1.413717 1.459068 0.855211 146.780984
45 0.872665 1.413717 1.454910 0.872665 145.206456
45 0.890118 1.413717 1.450678 0.890118 143.614016
45 0.907571 1.413717 1.446373 0.907571 142.003018
45 0.925025 1.413717 1.441992 0.925025 140.372780
45 0.942478 1.413717 1.437535 0.942478 138.722583
45 0.959931 1.413717 1.432998 0.959931 137.051665
45 0.977384 1.413717 1.428380 0.977384 135.359215
45 0.994838 1.413717 1.423678 0.994838 133.644377
45 1.012291 1.413717 1.418888 1.012291 131.906237
45 1.029744 1.413717 1.414007 1.029744 130.143823
45 1.047198 1.413717 1.409030 1.047198 128.356096
45 1.064651 1.413717 1.403951 1.064651 126.541946
45 1.082104 1.413717 1.398764 1.082104 124.700183
45 1.099557 1.413717 1.393463 1.099557 122.829530
45 1.117011 1.413717 1.388039 1.117011 120.928611
45 1.134464 1.413717 1.382482 1.134464 118.995943
45 1.151917 1.413717 1.376783 1.151917 117.029919
45 1.169371 1.413717 1.370927 1.169371 115.028799
45 1.186824 1.413717 1.364900 1.186824 112.990688
45 1.204277 1.413717 1.358687 1.204277 110.913519
45 1.221730 1.413717 1.352265 1.221730 108.795027
45 1.239184 1.413717 1.345614 1.239184 106.632723
45 1.256637 1.413717 1.338704 1.256637 104.423864
45 1.274090 1.413717 1.331506 1.274090 102.165406
45 1.291544 1.413717 1.323981 1.291544 99.853964
45 1.308997 1.413717 1.316084 1.308997 97.485751
46 0.000000 1.445133 1.570796 0.000000 210.038092
46 0.017453 1.445133 1.570416 0.017453 208.927766
46 0.034907 1.445133 1.569939 0.034907 207.812939
46 0.052360 1.445133 1.569365 0.052360 206.693525
46 0.069813 1.445133 1.568693 0.069813 205.569429
46 0.087266 1.445133 1.567921 0.087266 204.440555
46 0.104720 1.445133 1.567049 0.104720 203.306803
46 0.122173 1.445133 1.566077 0.122173 202.168067
46 0.139626 1.445133 1.565003 0.139626 201.024239
46 0.157080 1.445133 1.563827 0.157080 199.875203
46 0.174533 1.445133 1.562549 0.174533 198.720842
46 0.191986 1.445133 1.561169 0.191986 197.561032
46 0.209440 1.445133 1.559685 0.209440 196.395644
46 0.226893 1.445133 1.558098 0.226893 195.224544
46 0.244346 1.445133 1.556407 0.244346 194.047595
46 0.261799 1.445133 1.554613 0.261799 192.864651
46 0.279253 1.445133 1.552715 0.279253 191.675563
46 0.296706 1.445133 1.550714 0.296706 190.480176
46 0.314159 1.445133 1.548609 0.314159 189.278327
46 0.331613 1.445133 1.546402 0.331613 188.069850
46 0.349066 1.445133 1.544091 0.349066 186.854570
46 0.366519 1.445133 1.541677 0.366519 185.632306
46 0.383972 1.445133 1.539161 0.383972 184.402873
46 0.401426 1.445133 1.536543 0.401426 183.166075
46 0.418879 1.445133 1.533824 0.418879 181.921712
46 0.436332 1.445133 1.531004 0.436332 180.669573
46 0.453786 1.445133 1.528084 0.453786 179.409443
46 0.471239 1.445133 1.525063 0.471239 178.141096
46 0.488692 1.445133 1.521944 0.488692 176.864300
46 0.506145 1.445133 1.518726 0.506145 175.578812
46 0.523599 1.445133 1.515411 0.523599 174.284380
46 0.541052 1.445133 1.511999 0.541052 172.980745
46 0.558505 1.445133 1.508490 0.558505 171.667636
46 0.575959 1.445133 1.504886 0.575959 170.344771
46 0.593412 1.445133 1.501187 0.593412 169.011858
46 0.610865 1.445133 1.497394 0.610865 167.668593
46 0.628319 1.445133 1.493507 0.628319 166.314663
46 0.645772 1.445133 1.489528 0.645772 164.949737
46 0.663225 1.445133 1.485458 0.663225 163.573475
46 0.680678 1.445133 1.481296 0.680678 162.185522
46 0.698132 1.445133 1.477043 0.698132 160.785507
46 0.715585 1.445133 1.472700 0.715585 159.373045
46 0.733038 1.445133 1.468268 0.733038 157.947733
46 0.750492 1.445133 1.463746 0.750492 156.509152
46 0.767945 1.445133 1.459135 0.767945 155.056864
46 0.785398 1.445133 1.454435 0.785398 153.590410
46 0.802851 1.445133 1.449647 0.802851 152.109312
46 0.820305 1.445133 1.444769 0.820305 150.613069
46 0.837758 1.445133 1.439802 0.837758 149.101154
46 0.855211 1.445133 1.434746 0.855211 147.573018
46 0.872665 1.445133 1.429599 0.872665 146.028082
46 0.890118 1.445133 1.424360 0.890118 144.465737
46 0.907571 1.445133 1.419029 0.907571 142.885346
46 0.925025 1.445133 1.413603 0.925025 141.286233
46 0.942478 1.445133 1.408081 0.942478 139.667689
46 0.959931 1.445133 1.402460 0.959931 138.028963
46 0.977384 1.445133 1.396737 0.977384 136.369261
46 0.994838 1.445133 1.390910 0.994838 134.687742
46 1.012291 1.445133 1.384974 1.012291 132.983514
46 1.029744 1.445133 1.378924 1.029744 131.255628
46 1.047198 1.445133 1.372756 1.047198 129.503074
46 1.064651 1.445133 1.366463 1.064651 127.724777
46 1.082104 1.445133 1.360037 1.082104 125.919584
46 1.099557 1.445133 1.353471 1.099557 124.086264
46 1.117011 1.445133 1.346755 1.117011 122.223491
46 1.134464 1.445133 1.339878 1.134464 120.329843
46 1.151917 1.445133 1.332826 1.151917 118.403784
46 1.169371 1.445133 1.325586 1.169371 116.443652
46 1.186824 1.445133 1.318140 1.186824 114.447646
46 1.204277 1.445133 1.310468 1.204277 112.413806
46 1.221730 1.445133 1.302547 1.221730 110.339992
46 1.239184 1.445133 1.294350 1.239184 108.223863
46 1.256637 1.445133 1.285846 1.256637 106.062842
46 1.274090 1.445133 1.276999 1.274090 103.854088
46 1.291544 1.445133 1.267763 1.291544 101.594450
46 1.308997 1.445133 1.258089 1.308997 99.280418
47 0.000000 1.476549 1.570796 0.000000 210.038092
47 0.017453 1.476549 1.570401 0.017453 208.931899
47 0.034907 1.476549 1.569877 0.034907 207.822400
47 0.052360 1.476549 1.569224 0.052360 206.709520
47 0.069813 1.476549 1.568441 0.069813 205.593177
47 0.087266 1.476549 1.567526 0.087266 204.473288
47 0.104720 1.476549 1.566478 0.104720 203.349761
47 0.122173 1.476549 1.565296 0.122173 202.222500
47 0.139626 1.476549 1.563979 0.139626 201.091405
47 0.157080 1.476549 1.562527 0.157080 199.956367
47 0.174533 1.476549 1.560938 0.174533 198.817275
47 0.191986 1.476549 1.559212 0.191986 197.674010
47 0.209440 1.476549 1.557349 0.209440 196.526448
47 0.226893 1.476549 1.555348 0.226893 195.374458
47 0.244346 1.476549 1.553209 0.244346 194.217904
47 0.261799 1.476549 1.550932 0.261799 193.056643
47 0.279253 1.476549 1.548517 0.279253 191.890525
47 0.296706 1.476549 1.545964 0.296706 190.719394
47 0.314159 1.476549 1.543272 0.314159 189.543087
47 0.331613 1.476549 1.540443 0.331613 188.361434
47 0.349066 1.476549 1.537476 0.349066 187.174258
47 0.366519 1.476549 1.534372 0.366519 185.981373
47 0.383972 1.476549 1.531131 0.383972 184.782589
47 0.401426 1.476549 1.527755 0.401426 183.577704
47 0.418879 1.476549 1.524243 0.418879 182.366511
47 0.436332 1.476549 1.520596 0.436332 181.148793
47 0.453786 1.476549 1.516815 0.453786 179.924326
47 0.471239 1.476549 1.512902 0.471239 178.692876
47 0.488692 1.476549 1.508856 0.488692 177.454201
47 0.506145 1.476549 1.504679 0.506145 176.208049
47 0.523599 1.476549 1.500371 0.523599 174.954158
47 0.541052 1.476549 1.495935 0.541052 173.692258
47 0.558505 1.476549 1.491370 0.558505 172.422066
47 0.575959 1.476549 1.486678 0.575959 171.143290
47 0.593412 1.476549 1.481861 0.593412 169.855627
47 0.610865 1.476549 1.476918 0.610865 168.558762
47 0.628319 1.476549 1.471851 0.628319 167.252367
47 0.645772 1.476549 1.466662 0.645772 165.936102
47 0.663225 1.476549 1.461351 0.663225 164.609616
47 0.680678 1.476549 1.455919 0.680678 163.272541
47 0.698132 1.476549 1.450367 0.698132 161.924498
47 0.715585 1.476549 1.444696 0.715585 160.565089
47 0.733038 1.476549 1.438906 0.733038 159.193903
47 0.750492 1.476549 1.433000 0.750492 157.810512
47 0.767945 1.476549 1.426976 0.767945 156.414469
47 0.785398 1.476549 1.420835 0.785398 155.005311
47 0.802851 1.476549 1.414578 0.802851 153.582553
47 0.820305 1.476549 1.408204 0.820305 152.145689
47 0.837758 1.476549 1.401714 0.837758 150.694193
47 0.855211 1.476549 1.395108 0.855211 149.227513
47 0.872665 1.476549 1.388383 0.872665 147.745075
47 0.890118 1.476549 1.381540 0.890118 146.246274
47 0.907571 1.476549 1.374578 0.907571 144.730479
47 0.925025 1.476549 1.367494 0.925025 143.197029
47 0.942478 1.476549 1.360286 0.942478 141.645227
47 0.959931 1.476549 1.352952 0.959931 140.074342
47 0.977384 1.476549 1.345489 0.977384 138.483605
47 0.994838 1.476549 1.337893 0.994838 136.872203
47 1.012291 1.476549 1.330160 1.012291 135.239282
47 1.029744 1.476549 1.322284 1.029744 133.583934
47 1.047198 1.476549 1.314258 1.047198 131.905200
47 1.064651 1.476549 1.306077 1.064651 130.202062
47 1.082104 1.476549 1.297732 1.082104 128.473439
47 1.099557 1.476549 1.289213 1.099557 126.718178
47 1.117011 1.476549 1.280509 1.117011 124.935048
47 1.134464 1.476549 1.271607 1.134464 123.122736
47 1.151917 1.476549 1.262493 1.151917 121.279829
47 1.169371 1.476549 1.253150 1.169371 119.404812
47 1.186824 1.476549 1.243557 1.186824 117.496052
47 1.204277 1.476549 1.233693 1.204277 115.551782
47 1.221730 1.476549 1.223530 1.221730 113.570088
47 1.239184 1.476549 1.213038 1.239184 111.548891
47 1.256637 1.476549 1.202181 1.256637 109.485918
47 1.274090 1.476549 1.190918 1.274090 107.378683
47 1.291544 1.476549 1.179200 1.291544 105.224453
47 1.308997 1.476549 1.166967 1.308997 103.020208
48 0.000000 1.507964 1.570796 0.000000 210.038092
48 0.017453 1.507964 1.570370 0.017453 208.940643
48 0.034907 1.507964 1.569753 0.034907 207.843270
48 0.052360 1.507964 1.568943 0.052360 206.745938
48 0.069813 1.507964 1.567938 0.069813 205.648602
48 0.087266 1.507964 1.566737 0.087266 204.551210
48 0.104720 1.507964 1.565338 0.104720 203.453704
48 0.122173 1.507964 1.563739 0.122173 202.356013
48 0.139626 1.507964 1.561938 0.139626 201.258061
48 0.157080 1.507964 1.559935 0.157080 200.159763
48 0.174533 1.507964 1.557729 0.174533 199.061023
48 0.191986 1.507964 1.555318 0.191986 197.961739
48 0.209440 1.507964 1.552703 0.209440 196.861797
48 0.226893 1.507964 1.549882 0.226893 195.761076
48 0.244346 1.507964 1.546855 0.244346 194.659444
48 0.261799 1.507964 1.543623 0.261799 193.556761
48 0.279253 1.507964 1.540185 0.279253 192.452875
48 0.296706 1.507964 1.536542 0.296706 191.347627
48 0.314159 1.507964 1.532695 0.314159 190.240847
48 0.331613 1.507964 1.528643 0.331613 189.132354
48 0.349066 1.507964 1.524387 0.349066 188.021958
48 0.366519 1.507964 1.519929 0.366519 186.909458
48 0.383972 1.507964 1.515270 0.383972 185.794645
48 0.401426 1.507964 1.510410 0.401426 184.677296
48 0.418879 1.507964 1.505351 0.418879 183.557179
48 0.436332 1.507964 1.500095 0.436332 182.434051
48 0.453786 1.507964 1.494643 0.453786 181.307660
48 0.471239 1.507964 1.488997 0.471239 180.177739
48 0.488692 1.507964 1.483159 0.488692 179.044014
48 0.506145 1.507964 1.477130 0.506145 177.906196
48 0.523599 1.507964 1.470912 0.523599 176.763988
48 0.541052 1.507964 1.464508 0.541052 175.617078
48 0.558505 1.507964 1.457920 0.558505 174.465145
48 0.575959 1.507964 1.451149 0.575959 173.307854
48 0.593412 1.507964 1.444198 0.593412 172.144858
48 0.610865 1.507964 1.437070 0.610865 170.975798
48 0.628319 1.507964 1.429765 0.628319 169.800302
48 0.645772 1.507964 1.422287 0.645772 168.617985
48 0.663225 1.507964 1.414638 0.663225 167.428448
48 0.680678 1.507964 1.406820 0.680678 166.231280
48 0.698132 1.507964 1.398834 0.698132 165.026054
48 0.715585 1.507964 1.390683 0.715585 163.812329
48 0.733038 1.507964 1.382370 0.733038 162.589651
48 0.750492 1.507964 1.373894 0.750492 161.357547
48 0.767945 1.507964 1.365259 0.767945 160.115532
48 0.785398 1.507964 1.356466 0.785398 158.863102
48 0.802851 1.507964 1.347516 0.802851 157.599736
48 0.820305 1.507964 1.338410 0.820305 156.324896
48 0.837758 1.507964 1.329149 0.837758 155.038026
48 0.855211 1.507964 1.319734 0.855211 153.738548
48 0.872665 1.507964 1.310164 0.872665 152.425866
48 0.890118 1.507964 1.300441 0.890118 151.099362
48 0.907571 1.507964 1.290563 0.907571 149.758395
48 0.925025 1.507964 1.280530 0.925025 148.402299
48 0.942478 1.507964 1.270340 0.942478 147.030385
48 0.959931 1.507964 1.259991 0.959931 145.641934
48 0.977384 1.507964 1.249482 0.977384 144.236203
48 0.994838 1.507964 1.238808 0.994838 142.812412
48 1.012291 1.507964 1.227965 1.012291 141.369755
48 1.029744 1.507964 1.216950 1.029744 139.907385
48 1.047198 1.507964 1.205756 1.047198 138.424420
48 1.064651 1.507964 1.194377 1.064651 136.919936
48 1.082104 1.507964 1.182803 1.082104 135.392967
48 1.099557 1.507964 1.171027 1.099557 133.842496
48 1.117011 1.507964 1.159037 1.117011 132.267455
48 1.134464 1.507964 1.146819 1.134464 130.666719
48 1.151917 1.507964 1.134360 1.151917 129.039100
48 1.169371 1.507964 1.121642 1.169371 127.383342
48 1.186824 1.507964 1.108645 1.186824 125.698114
48 1.204277 1.507964 1.095347 1.204277 123.981999
48 1.221730 1.507964 1.081721 1.221730 122.233492
48 1.239184 1.507964 1.067735 1.239184 120.450981
48 1.256637 1.507964 1.053356 1.256637 118.632743
48 1.274090 1.507964 1.038540 1.274090 116.776925
48 1.291544 1.507964 1.023240 1.291544 114.881531
48 1.308997 1.507964 1.007399 1.308997 112.944402
49 0.000000 1.539380 1.570796 0.000000 210.038092
49 0.017453 1.539380 1.570277 0.017453 208.970784
49 0.034907 1.539380 1.569380 0.034907 207.921641
49 0.052360 1.539380 1.568101 0.052360 206.890844
49 0.069813 1.539380 1.566436 0.069813 205.878542
49 0.087266 1.539380 1.564382 0.087266 204.884855
49 0.104720 1.539380 1.561937 0.104720 203.909870
49 0.122173 1.539380 1.559098 0.122173 202.953644
49 0.139626 1.539380 1.555863 0.139626 202.016199
49 0.157080 1.539380 1.552233 0.157080 201.097523
49 0.174533 1.539380 1.548206 0.174533 200.197572
49 0.191986 1.539380 1.543784 0.191986 199.316268
49 0.209440 1.539380 1.538967 0.209440 198.453497
49 0.226893 1.539380 1.533757 0.226893 197.609112
49 0.244346 1.539380 1.528156 0.244346 196.782929
49 0.261799 1.539380 1.522167 0.261799 195.974731
49 0.279253 1.539380 1.515794 0.279253 195.184265
49 0.296706 1.539380 1.509039 0.296706 194.411245
49 0.314159 1.539380 1.501909 0.314159 193.655348
49 0.331613 1.539380 1.494406 0.331613 192.916218
49 0.349066 1.539380 1.486538 0.349066 192.193464
49 0.366519 1.539380 1.478309 0.366519 191.486664
49 0.383972 1.539380 1.469727 0.383972 190.795358
49 0.401426 1.539380 1.460796 0.401426 190.119059
49 0.418879 1.539380 1.451526 0.418879 189.457243
49 0.436332 1.539380 1.441922 0.436332 188.809357
49 0.453786 1.539380 1.431992 0.453786 188.174818
49 0.471239 1.539380 1.421744 0.471239 187.553012
49 0.488692 1.539380 1.411186 0.488692 186.943295
49 0.506145 1.539380 1.400327 0.506145 186.344997
49 0.523599 1.539380 1.389174 0.523599 185.757420
49 0.541052 1.539380 1.377736 0.541052 185.179838
49 0.558505 1.539380 1.366021 0.558505 184.611502
49 0.575959 1.539380 1.354038 0.575959 184.051638
49 0.593412 1.539380 1.341796 0.593412 183.499449
49 0.610865 1.539380 1.329304 0.610865 182.954116
49 0.628319 1.539380 1.316568 0.628319 182.414797
49 0.645772 1.539380 1.303600 0.645772 181.880633
49 0.663225 1.539380 1.290405 0.663225 181.350745
49 0.680678 1.539380 1.276994 0.680678 180.824235
49 0.698132 1.539380 1.263373 0.698132 180.300189
49 0.715585 1.539380 1.249551 0.715585 179.777678
49 0.733038 1.539380 1.235536 0.733038 179.255758
49 0.750492 1.539380 1.221335 0.750492 178.733472
49 0.767945 1.539380 1.206956 0.767945 178.209848
49 0.785398 1.539380 1.192405 0.785398 177.683905
49 0.802851 1.539380 1.177690 0.802851 177.154650
49 0.820305 1.539380 1.162816 0.820305 176.621080
49 0.837758 1.539380 1.147790 0.837758 176.082183
49 0.855211 1.539380 1.132618 0.855211 175.536939
49 0.872665 1.539380 1.117305 0.872665 174.984321
49 0.890118 1.539380 1.101856 0.890118 174.423293
49 0.907571 1.539380 1.086276 0.907571 173.852814
49 0.925025 1.539380 1.070570 0.925025 173.271838
49 0.942478 1.539380 1.054740 0.942478 172.679313
49 0.959931 1.539380 1.038790 0.959931 172.074180
49 0.977384 1.539380 1.022723 0.977384 171.455379
49 0.994838 1.539380 1.006541 0.994838 170.821842
49 1.012291 1.539380 0.990245 1.012291 170.172501
49 1.029744 1.539380 0.973837 1.029744 169.506279
49 1.047198 1.539380 0.957317 1.047198 168.822098
49 1.064651 1.539380 0.940683 1.064651 168.118875
49 1.082104 1.539380 0.923935 1.082104 167.395523
49 1.099557 1.539380 0.907070 1.099557 166.650947
49 1.117011 1.539380 0.890086 1.117011 165.884052
49 1.134464 1.539380 0.872976 1.134464 165.093731
49 1.151917 1.539380 0.855737 1.151917 164.278875
49 1.169371 1.539380 0.838360 1.169371 163.438367
49 1.186824 1.539380 0.820837 1.186824 162.571078
49 1.204277 1.539380 0.803158 1.204277 161.675873
49 1.221730 1.539380 0.785311 1.221730 160.751606
49 1.239184 1.539380 0.767280 1.239184 159.797115
49 1.256637 1.539380 0.749049 1.256637 158.811228
49 1.274090 1.539380 0.730598 1.274090 157.792755
49 1.291544 1.539380 0.711901 1.291544 156.740487
49 1.308997 1.539380 0.692933 1.308997 155.653195
